estado,municipio,municipio_cod,zona,secao,candidato_13,candidato_22
ac,BUJARI,1007,9,1,75,175
ac,BUJARI,1007,9,2,74,183
ac,BUJARI,1007,9,3,75,165
ac,BUJARI,1007,9,4,89,154
ac,BUJARI,1007,9,5,63,150
ac,BUJARI,1007,9,6,57,171
ac,BUJARI,1007,9,7,76,133
ac,BUJARI,1007,9,8,46,134
ac,BUJARI,1007,9,9,65,143
ac,BUJARI,1007,9,10,49,137
ac,BUJARI,1007,9,120,59,170
ac,BUJARI,1007,9,136,52,102
ac,BUJARI,1007,9,137,59,162
ac,BUJARI,1007,9,163,19,96
ac,BUJARI,1007,9,186,64,148
ac,BUJARI,1007,9,192,53,179
ac,BUJARI,1007,9,200,68,109
ac,BUJARI,1007,9,201,22,137
ac,BUJARI,1007,9,202,66,160
ac,BUJARI,1007,9,208,69,166
ac,BUJARI,1007,9,212,78,141
ac,BUJARI,1007,9,237,57,136
ac,BUJARI,1007,9,242,52,123
ac,BUJARI,1007,9,252,67,115
ac,BUJARI,1007,9,304,46,145
ac,BUJARI,1007,9,305,61,137
ac,BUJARI,1007,9,310,29,64
ac,BUJARI,1007,9,411,32,79
ac,BUJARI,1007,9,412,46,131
ac,BUJARI,1007,9,413,8,62
ac,BUJARI,1007,9,419,52,152
ac,BUJARI,1007,9,436,65,106
ac,BUJARI,1007,9,437,53,110
ac,BUJARI,1007,9,441,70,155
ac,BUJARI,1007,9,442,42,63
ac,CAPIXABA,1015,2,65,62,155
ac,CAPIXABA,1015,2,66,56,162
ac,CAPIXABA,1015,2,67,53,164
ac,CAPIXABA,1015,2,68,50,158
ac,CAPIXABA,1015,2,69,53,125
ac,CAPIXABA,1015,2,70,54,126
ac,CAPIXABA,1015,2,71,43,139
ac,CAPIXABA,1015,2,72,41,132
ac,CAPIXABA,1015,2,73,45,138
ac,CAPIXABA,1015,2,74,48,129
ac,CAPIXABA,1015,2,75,47,129
ac,CAPIXABA,1015,2,77,45,117
ac,CAPIXABA,1015,2,78,30,110
ac,CAPIXABA,1015,2,79,74,126
ac,CAPIXABA,1015,2,80,98,124
ac,CAPIXABA,1015,2,81,50,126
ac,CAPIXABA,1015,2,82,59,103
ac,CAPIXABA,1015,2,87,34,112
ac,CAPIXABA,1015,2,88,53,84
ac,CAPIXABA,1015,2,89,39,89
ac,CAPIXABA,1015,2,90,47,144
ac,CAPIXABA,1015,2,91,55,136
ac,CAPIXABA,1015,2,92,43,158
ac,CAPIXABA,1015,2,93,56,171
ac,CAPIXABA,1015,2,94,49,135
ac,CAPIXABA,1015,2,95,34,133
ac,CAPIXABA,1015,2,101,5,75
ac,CAPIXABA,1015,2,102,41,129
ac,CAPIXABA,1015,2,103,68,156
ac,CAPIXABA,1015,2,105,46,126
ac,CAPIXABA,1015,2,107,19,52
ac,PORTO ACRE,1023,1,576,52,126
ac,PORTO ACRE,1023,1,577,56,138
ac,PORTO ACRE,1023,1,578,59,128
ac,PORTO ACRE,1023,1,579,62,116
ac,PORTO ACRE,1023,1,580,41,116
ac,PORTO ACRE,1023,1,581,42,117
ac,PORTO ACRE,1023,1,582,39,115
ac,PORTO ACRE,1023,1,583,51,169
ac,PORTO ACRE,1023,1,584,50,168
ac,PORTO ACRE,1023,1,585,44,184
ac,PORTO ACRE,1023,1,586,56,167
ac,PORTO ACRE,1023,1,587,61,169
ac,PORTO ACRE,1023,1,588,54,160
ac,PORTO ACRE,1023,1,589,41,124
ac,PORTO ACRE,1023,1,590,34,139
ac,PORTO ACRE,1023,1,591,29,141
ac,PORTO ACRE,1023,1,592,44,126
ac,PORTO ACRE,1023,1,593,34,138
ac,PORTO ACRE,1023,1,594,27,130
ac,PORTO ACRE,1023,1,595,29,147
ac,PORTO ACRE,1023,1,596,147,80
ac,PORTO ACRE,1023,1,598,50,161
ac,PORTO ACRE,1023,1,599,66,137
ac,PORTO ACRE,1023,1,600,52,146
ac,PORTO ACRE,1023,1,601,70,144
ac,PORTO ACRE,1023,1,602,32,90
ac,PORTO ACRE,1023,1,604,50,133
ac,PORTO ACRE,1023,1,605,37,142
ac,PORTO ACRE,1023,1,606,43,133
ac,PORTO ACRE,1023,1,607,40,145
ac,PORTO ACRE,1023,1,608,25,155
ac,PORTO ACRE,1023,1,609,40,128
ac,PORTO ACRE,1023,1,610,27,150
ac,PORTO ACRE,1023,1,611,33,126
ac,PORTO ACRE,1023,1,612,30,155
ac,PORTO ACRE,1023,1,613,46,145
ac,PORTO ACRE,1023,1,614,13,130
ac,PORTO ACRE,1023,1,615,10,119
ac,PORTO ACRE,1023,1,616,50,181
ac,PORTO ACRE,1023,1,617,50,170
ac,PORTO ACRE,1023,1,618,44,152
ac,PORTO ACRE,1023,1,619,31,116
ac,PORTO ACRE,1023,1,620,41,119
ac,PORTO ACRE,1023,1,621,28,146
ac,PORTO ACRE,1023,1,622,37,121
ac,PORTO ACRE,1023,1,623,50,118
ac,PORTO ACRE,1023,1,624,50,148
ac,PORTO ACRE,1023,1,625,38,137
ac,PORTO ACRE,1023,1,626,46,136
ac,PORTO ACRE,1023,1,627,50,207
ac,PORTO ACRE,1023,1,628,36,136
ac,PORTO ACRE,1023,1,630,29,145
ac,PORTO ACRE,1023,1,631,21,115
ac,SANTA ROSA DO PURUS,1031,3,58,97,105
ac,SANTA ROSA DO PURUS,1031,3,60,90,118
ac,SANTA ROSA DO PURUS,1031,3,65,81,120
ac,SANTA ROSA DO PURUS,1031,3,72,83,99
ac,SANTA ROSA DO PURUS,1031,3,76,85,117
ac,SANTA ROSA DO PURUS,1031,3,77,151,25
ac,SANTA ROSA DO PURUS,1031,3,87,141,31
ac,SANTA ROSA DO PURUS,1031,3,88,83,110
ac,SANTA ROSA DO PURUS,1031,3,95,37,149
ac,SANTA ROSA DO PURUS,1031,3,96,172,28
ac,SANTA ROSA DO PURUS,1031,3,122,63,85
ac,SANTA ROSA DO PURUS,1031,3,125,78,91
ac,SANTA ROSA DO PURUS,1031,3,152,56,49
ac,MARECHAL THAUMATURGO,1040,4,73,71,133
ac,MARECHAL THAUMATURGO,1040,4,74,105,100
ac,MARECHAL THAUMATURGO,1040,4,75,82,106
ac,MARECHAL THAUMATURGO,1040,4,76,69,87
ac,MARECHAL THAUMATURGO,1040,4,114,79,124
ac,MARECHAL THAUMATURGO,1040,4,140,89,105
ac,MARECHAL THAUMATURGO,1040,4,141,87,106
ac,MARECHAL THAUMATURGO,1040,4,142,64,86
ac,MARECHAL THAUMATURGO,1040,4,143,46,154
ac,MARECHAL THAUMATURGO,1040,4,160,40,63
ac,MARECHAL THAUMATURGO,1040,4,161,37,136
ac,MARECHAL THAUMATURGO,1040,4,162,75,79
ac,MARECHAL THAUMATURGO,1040,4,163,34,132
ac,MARECHAL THAUMATURGO,1040,4,182,67,28
ac,MARECHAL THAUMATURGO,1040,4,196,52,144
ac,MARECHAL THAUMATURGO,1040,4,201,52,82
ac,MARECHAL THAUMATURGO,1040,4,203,35,141
ac,MARECHAL THAUMATURGO,1040,4,223,46,76
ac,MARECHAL THAUMATURGO,1040,4,230,70,29
ac,MARECHAL THAUMATURGO,1040,4,236,150,6
ac,MARECHAL THAUMATURGO,1040,4,237,78,39
ac,MARECHAL THAUMATURGO,1040,4,251,86,115
ac,MARECHAL THAUMATURGO,1040,4,279,81,105
ac,MARECHAL THAUMATURGO,1040,4,284,76,121
ac,MARECHAL THAUMATURGO,1040,4,294,36,75
ac,MARECHAL THAUMATURGO,1040,4,318,133,103
ac,MARECHAL THAUMATURGO,1040,4,324,26,82
ac,MARECHAL THAUMATURGO,1040,4,326,153,0
ac,MARECHAL THAUMATURGO,1040,4,327,55,100
ac,MARECHAL THAUMATURGO,1040,4,331,64,113
ac,MARECHAL THAUMATURGO,1040,4,337,41,147
ac,MARECHAL THAUMATURGO,1040,4,347,54,100
ac,MARECHAL THAUMATURGO,1040,4,359,61,89
ac,MARECHAL THAUMATURGO,1040,4,375,39,95
ac,MARECHAL THAUMATURGO,1040,4,384,101,0
ac,MARECHAL THAUMATURGO,1040,4,389,38,9
ac,MARECHAL THAUMATURGO,1040,4,424,51,106
ac,MARECHAL THAUMATURGO,1040,4,434,66,81
ac,MARECHAL THAUMATURGO,1040,4,435,69,109
ac,MARECHAL THAUMATURGO,1040,4,441,21,56
ac,MARECHAL THAUMATURGO,1040,4,443,36,82
ac,MARECHAL THAUMATURGO,1040,4,444,27,66
ac,BRASILÉIA,1058,6,1,36,107
ac,BRASILÉIA,1058,6,2,78,141
ac,BRASILÉIA,1058,6,3,52,130
ac,BRASILÉIA,1058,6,4,45,155
ac,BRASILÉIA,1058,6,5,55,118
ac,BRASILÉIA,1058,6,6,63,147
ac,BRASILÉIA,1058,6,7,47,144
ac,BRASILÉIA,1058,6,8,54,144
ac,BRASILÉIA,1058,6,11,64,136
ac,BRASILÉIA,1058,6,13,69,133
ac,BRASILÉIA,1058,6,14,73,124
ac,BRASILÉIA,1058,6,16,42,105
ac,BRASILÉIA,1058,6,17,39,109
ac,BRASILÉIA,1058,6,18,39,100
ac,BRASILÉIA,1058,6,19,53,195
ac,BRASILÉIA,1058,6,20,71,140
ac,BRASILÉIA,1058,6,21,57,140
ac,BRASILÉIA,1058,6,23,52,144
ac,BRASILÉIA,1058,6,24,53,139
ac,BRASILÉIA,1058,6,25,70,135
ac,BRASILÉIA,1058,6,32,53,160
ac,BRASILÉIA,1058,6,35,59,137
ac,BRASILÉIA,1058,6,38,40,73
ac,BRASILÉIA,1058,6,39,72,140
ac,BRASILÉIA,1058,6,41,49,150
ac,BRASILÉIA,1058,6,44,54,142
ac,BRASILÉIA,1058,6,45,73,152
ac,BRASILÉIA,1058,6,53,34,160
ac,BRASILÉIA,1058,6,54,96,70
ac,BRASILÉIA,1058,6,55,57,173
ac,BRASILÉIA,1058,6,56,40,112
ac,BRASILÉIA,1058,6,57,42,120
ac,BRASILÉIA,1058,6,58,53,145
ac,BRASILÉIA,1058,6,62,52,170
ac,BRASILÉIA,1058,6,63,57,102
ac,BRASILÉIA,1058,6,67,53,154
ac,BRASILÉIA,1058,6,74,69,163
ac,BRASILÉIA,1058,6,75,65,113
ac,BRASILÉIA,1058,6,76,50,168
ac,BRASILÉIA,1058,6,80,55,158
ac,BRASILÉIA,1058,6,81,71,159
ac,BRASILÉIA,1058,6,83,52,156
ac,BRASILÉIA,1058,6,84,32,92
ac,BRASILÉIA,1058,6,85,60,97
ac,BRASILÉIA,1058,6,87,62,140
ac,BRASILÉIA,1058,6,88,63,166
ac,BRASILÉIA,1058,6,89,46,154
ac,BRASILÉIA,1058,6,91,57,156
ac,BRASILÉIA,1058,6,94,52,175
ac,BRASILÉIA,1058,6,99,36,155
ac,BRASILÉIA,1058,6,100,52,105
ac,BRASILÉIA,1058,6,102,62,120
ac,BRASILÉIA,1058,6,112,52,189
ac,BRASILÉIA,1058,6,113,80,100
ac,BRASILÉIA,1058,6,117,43,55
ac,BRASILÉIA,1058,6,118,52,158
ac,BRASILÉIA,1058,6,119,69,134
ac,BRASILÉIA,1058,6,120,45,150
ac,BRASILÉIA,1058,6,121,66,101
ac,BRASILÉIA,1058,6,122,78,135
ac,BRASILÉIA,1058,6,126,78,156
ac,BRASILÉIA,1058,6,128,18,173
ac,BRASILÉIA,1058,6,131,85,165
ac,BRASILÉIA,1058,6,132,64,39
ac,BRASILÉIA,1058,6,133,59,160
ac,BRASILÉIA,1058,6,136,56,151
ac,BRASILÉIA,1058,6,138,68,143
ac,BRASILÉIA,1058,6,139,50,159
ac,BRASILÉIA,1058,6,140,17,60
ac,BRASILÉIA,1058,6,146,32,75
ac,BRASILÉIA,1058,6,152,66,167
ac,PORTO WALTER,1066,4,77,85,89
ac,PORTO WALTER,1066,4,78,99,87
ac,PORTO WALTER,1066,4,79,79,95
ac,PORTO WALTER,1066,4,80,89,103
ac,PORTO WALTER,1066,4,115,102,90
ac,PORTO WALTER,1066,4,132,87,84
ac,PORTO WALTER,1066,4,144,94,102
ac,PORTO WALTER,1066,4,145,86,93
ac,PORTO WALTER,1066,4,146,88,96
ac,PORTO WALTER,1066,4,164,86,69
ac,PORTO WALTER,1066,4,166,52,57
ac,PORTO WALTER,1066,4,245,85,56
ac,PORTO WALTER,1066,4,311,162,24
ac,PORTO WALTER,1066,4,313,53,14
ac,PORTO WALTER,1066,4,314,60,13
ac,PORTO WALTER,1066,4,316,109,66
ac,PORTO WALTER,1066,4,320,34,98
ac,PORTO WALTER,1066,4,321,72,6
ac,PORTO WALTER,1066,4,325,43,86
ac,PORTO WALTER,1066,4,338,77,82
ac,PORTO WALTER,1066,4,361,62,48
ac,PORTO WALTER,1066,4,372,79,73
ac,PORTO WALTER,1066,4,373,83,68
ac,PORTO WALTER,1066,4,429,25,56
ac,PORTO WALTER,1066,4,430,66,66
ac,PORTO WALTER,1066,4,442,51,93
ac,PORTO WALTER,1066,4,447,85,52
ac,CRUZEIRO DO SUL,1074,4,1,60,159
ac,CRUZEIRO DO SUL,1074,4,5,44,162
ac,CRUZEIRO DO SUL,1074,4,7,31,136
ac,CRUZEIRO DO SUL,1074,4,8,41,133
ac,CRUZEIRO DO SUL,1074,4,9,46,107
ac,CRUZEIRO DO SUL,1074,4,10,42,113
ac,CRUZEIRO DO SUL,1074,4,11,43,128
ac,CRUZEIRO DO SUL,1074,4,13,32,97
ac,CRUZEIRO DO SUL,1074,4,14,27,96
ac,CRUZEIRO DO SUL,1074,4,15,63,185
ac,CRUZEIRO DO SUL,1074,4,16,39,138
ac,CRUZEIRO DO SUL,1074,4,17,55,158
ac,CRUZEIRO DO SUL,1074,4,19,34,161
ac,CRUZEIRO DO SUL,1074,4,23,49,154
ac,CRUZEIRO DO SUL,1074,4,25,43,151
ac,CRUZEIRO DO SUL,1074,4,27,38,134
ac,CRUZEIRO DO SUL,1074,4,38,44,155
ac,CRUZEIRO DO SUL,1074,4,39,52,144
ac,CRUZEIRO DO SUL,1074,4,40,60,143
ac,CRUZEIRO DO SUL,1074,4,41,47,123
ac,CRUZEIRO DO SUL,1074,4,42,32,114
ac,CRUZEIRO DO SUL,1074,4,43,26,123
ac,CRUZEIRO DO SUL,1074,4,44,51,137
ac,CRUZEIRO DO SUL,1074,4,45,58,140
ac,CRUZEIRO DO SUL,1074,4,46,47,174
ac,CRUZEIRO DO SUL,1074,4,47,42,175
ac,CRUZEIRO DO SUL,1074,4,48,44,161
ac,CRUZEIRO DO SUL,1074,4,49,52,159
ac,CRUZEIRO DO SUL,1074,4,51,37,188
ac,CRUZEIRO DO SUL,1074,4,55,35,133
ac,CRUZEIRO DO SUL,1074,4,56,36,137
ac,CRUZEIRO DO SUL,1074,4,57,58,149
ac,CRUZEIRO DO SUL,1074,4,58,45,159
ac,CRUZEIRO DO SUL,1074,4,59,25,121
ac,CRUZEIRO DO SUL,1074,4,60,41,148
ac,CRUZEIRO DO SUL,1074,4,61,32,135
ac,CRUZEIRO DO SUL,1074,4,62,40,126
ac,CRUZEIRO DO SUL,1074,4,63,36,73
ac,CRUZEIRO DO SUL,1074,4,64,29,94
ac,CRUZEIRO DO SUL,1074,4,65,41,104
ac,CRUZEIRO DO SUL,1074,4,66,40,97
ac,CRUZEIRO DO SUL,1074,4,67,37,96
ac,CRUZEIRO DO SUL,1074,4,68,49,139
ac,CRUZEIRO DO SUL,1074,4,69,44,129
ac,CRUZEIRO DO SUL,1074,4,70,54,127
ac,CRUZEIRO DO SUL,1074,4,85,49,149
ac,CRUZEIRO DO SUL,1074,4,86,37,141
ac,CRUZEIRO DO SUL,1074,4,87,36,168
ac,CRUZEIRO DO SUL,1074,4,88,29,193
ac,CRUZEIRO DO SUL,1074,4,107,26,102
ac,CRUZEIRO DO SUL,1074,4,108,42,161
ac,CRUZEIRO DO SUL,1074,4,110,40,125
ac,CRUZEIRO DO SUL,1074,4,111,45,154
ac,CRUZEIRO DO SUL,1074,4,112,29,100
ac,CRUZEIRO DO SUL,1074,4,113,22,95
ac,CRUZEIRO DO SUL,1074,4,117,37,133
ac,CRUZEIRO DO SUL,1074,4,118,38,164
ac,CRUZEIRO DO SUL,1074,4,120,46,157
ac,CRUZEIRO DO SUL,1074,4,121,50,161
ac,CRUZEIRO DO SUL,1074,4,123,41,164
ac,CRUZEIRO DO SUL,1074,4,125,36,100
ac,CRUZEIRO DO SUL,1074,4,126,40,135
ac,CRUZEIRO DO SUL,1074,4,130,39,119
ac,CRUZEIRO DO SUL,1074,4,131,29,84
ac,CRUZEIRO DO SUL,1074,4,135,42,139
ac,CRUZEIRO DO SUL,1074,4,136,38,187
ac,CRUZEIRO DO SUL,1074,4,137,11,90
ac,CRUZEIRO DO SUL,1074,4,138,22,149
ac,CRUZEIRO DO SUL,1074,4,139,42,159
ac,CRUZEIRO DO SUL,1074,4,152,35,166
ac,CRUZEIRO DO SUL,1074,4,154,47,151
ac,CRUZEIRO DO SUL,1074,4,155,65,151
ac,CRUZEIRO DO SUL,1074,4,156,46,165
ac,CRUZEIRO DO SUL,1074,4,157,64,151
ac,CRUZEIRO DO SUL,1074,4,158,34,171
ac,CRUZEIRO DO SUL,1074,4,159,38,150
ac,CRUZEIRO DO SUL,1074,4,165,17,150
ac,CRUZEIRO DO SUL,1074,4,167,30,86
ac,CRUZEIRO DO SUL,1074,4,168,32,164
ac,CRUZEIRO DO SUL,1074,4,173,51,165
ac,CRUZEIRO DO SUL,1074,4,175,51,157
ac,CRUZEIRO DO SUL,1074,4,178,41,143
ac,CRUZEIRO DO SUL,1074,4,179,51,156
ac,CRUZEIRO DO SUL,1074,4,183,53,153
ac,CRUZEIRO DO SUL,1074,4,184,46,157
ac,CRUZEIRO DO SUL,1074,4,185,39,143
ac,CRUZEIRO DO SUL,1074,4,187,51,155
ac,CRUZEIRO DO SUL,1074,4,188,40,162
ac,CRUZEIRO DO SUL,1074,4,189,37,152
ac,CRUZEIRO DO SUL,1074,4,191,31,152
ac,CRUZEIRO DO SUL,1074,4,192,18,99
ac,CRUZEIRO DO SUL,1074,4,194,48,153
ac,CRUZEIRO DO SUL,1074,4,195,39,152
ac,CRUZEIRO DO SUL,1074,4,198,52,166
ac,CRUZEIRO DO SUL,1074,4,199,45,130
ac,CRUZEIRO DO SUL,1074,4,200,47,137
ac,CRUZEIRO DO SUL,1074,4,204,43,195
ac,CRUZEIRO DO SUL,1074,4,205,21,102
ac,CRUZEIRO DO SUL,1074,4,206,35,178
ac,CRUZEIRO DO SUL,1074,4,207,37,156
ac,CRUZEIRO DO SUL,1074,4,208,47,141
ac,CRUZEIRO DO SUL,1074,4,210,48,165
ac,CRUZEIRO DO SUL,1074,4,211,41,151
ac,CRUZEIRO DO SUL,1074,4,213,43,174
ac,CRUZEIRO DO SUL,1074,4,214,51,156
ac,CRUZEIRO DO SUL,1074,4,219,43,151
ac,CRUZEIRO DO SUL,1074,4,222,53,139
ac,CRUZEIRO DO SUL,1074,4,224,29,111
ac,CRUZEIRO DO SUL,1074,4,227,49,114
ac,CRUZEIRO DO SUL,1074,4,228,53,120
ac,CRUZEIRO DO SUL,1074,4,229,37,36
ac,CRUZEIRO DO SUL,1074,4,235,10,63
ac,CRUZEIRO DO SUL,1074,4,238,31,142
ac,CRUZEIRO DO SUL,1074,4,239,40,161
ac,CRUZEIRO DO SUL,1074,4,240,45,161
ac,CRUZEIRO DO SUL,1074,4,242,47,163
ac,CRUZEIRO DO SUL,1074,4,243,25,113
ac,CRUZEIRO DO SUL,1074,4,244,34,131
ac,CRUZEIRO DO SUL,1074,4,246,45,154
ac,CRUZEIRO DO SUL,1074,4,247,36,147
ac,CRUZEIRO DO SUL,1074,4,249,48,169
ac,CRUZEIRO DO SUL,1074,4,252,38,157
ac,CRUZEIRO DO SUL,1074,4,253,50,147
ac,CRUZEIRO DO SUL,1074,4,254,40,154
ac,CRUZEIRO DO SUL,1074,4,255,45,155
ac,CRUZEIRO DO SUL,1074,4,256,48,168
ac,CRUZEIRO DO SUL,1074,4,257,41,165
ac,CRUZEIRO DO SUL,1074,4,258,39,132
ac,CRUZEIRO DO SUL,1074,4,259,45,164
ac,CRUZEIRO DO SUL,1074,4,260,55,121
ac,CRUZEIRO DO SUL,1074,4,261,52,151
ac,CRUZEIRO DO SUL,1074,4,262,40,173
ac,CRUZEIRO DO SUL,1074,4,263,24,116
ac,CRUZEIRO DO SUL,1074,4,266,87,94
ac,CRUZEIRO DO SUL,1074,4,268,37,151
ac,CRUZEIRO DO SUL,1074,4,269,32,162
ac,CRUZEIRO DO SUL,1074,4,270,30,39
ac,CRUZEIRO DO SUL,1074,4,271,64,156
ac,CRUZEIRO DO SUL,1074,4,275,82,133
ac,CRUZEIRO DO SUL,1074,4,278,38,124
ac,CRUZEIRO DO SUL,1074,4,280,72,79
ac,CRUZEIRO DO SUL,1074,4,282,29,187
ac,CRUZEIRO DO SUL,1074,4,285,19,139
ac,CRUZEIRO DO SUL,1074,4,287,40,162
ac,CRUZEIRO DO SUL,1074,4,288,43,163
ac,CRUZEIRO DO SUL,1074,4,291,26,109
ac,CRUZEIRO DO SUL,1074,4,293,43,166
ac,CRUZEIRO DO SUL,1074,4,295,34,168
ac,CRUZEIRO DO SUL,1074,4,296,65,76
ac,CRUZEIRO DO SUL,1074,4,297,72,112
ac,CRUZEIRO DO SUL,1074,4,300,19,64
ac,CRUZEIRO DO SUL,1074,4,301,227,2
ac,CRUZEIRO DO SUL,1074,4,305,63,150
ac,CRUZEIRO DO SUL,1074,4,306,16,82
ac,CRUZEIRO DO SUL,1074,4,308,13,126
ac,CRUZEIRO DO SUL,1074,4,312,48,165
ac,CRUZEIRO DO SUL,1074,4,315,56,161
ac,CRUZEIRO DO SUL,1074,4,319,31,115
ac,CRUZEIRO DO SUL,1074,4,322,50,143
ac,CRUZEIRO DO SUL,1074,4,323,54,162
ac,CRUZEIRO DO SUL,1074,4,328,41,135
ac,CRUZEIRO DO SUL,1074,4,329,66,117
ac,CRUZEIRO DO SUL,1074,4,330,52,147
ac,CRUZEIRO DO SUL,1074,4,332,45,111
ac,CRUZEIRO DO SUL,1074,4,333,28,139
ac,CRUZEIRO DO SUL,1074,4,334,57,179
ac,CRUZEIRO DO SUL,1074,4,336,52,152
ac,CRUZEIRO DO SUL,1074,4,339,40,133
ac,CRUZEIRO DO SUL,1074,4,340,43,136
ac,CRUZEIRO DO SUL,1074,4,341,48,161
ac,CRUZEIRO DO SUL,1074,4,342,58,151
ac,CRUZEIRO DO SUL,1074,4,343,32,174
ac,CRUZEIRO DO SUL,1074,4,345,38,141
ac,CRUZEIRO DO SUL,1074,4,348,26,139
ac,CRUZEIRO DO SUL,1074,4,350,39,165
ac,CRUZEIRO DO SUL,1074,4,352,32,125
ac,CRUZEIRO DO SUL,1074,4,353,42,134
ac,CRUZEIRO DO SUL,1074,4,354,37,160
ac,CRUZEIRO DO SUL,1074,4,355,47,167
ac,CRUZEIRO DO SUL,1074,4,356,46,134
ac,CRUZEIRO DO SUL,1074,4,358,43,149
ac,CRUZEIRO DO SUL,1074,4,360,47,147
ac,CRUZEIRO DO SUL,1074,4,362,41,164
ac,CRUZEIRO DO SUL,1074,4,363,42,118
ac,CRUZEIRO DO SUL,1074,4,365,55,145
ac,CRUZEIRO DO SUL,1074,4,370,29,146
ac,CRUZEIRO DO SUL,1074,4,374,37,95
ac,CRUZEIRO DO SUL,1074,4,376,52,163
ac,CRUZEIRO DO SUL,1074,4,378,53,150
ac,CRUZEIRO DO SUL,1074,4,379,40,126
ac,CRUZEIRO DO SUL,1074,4,382,61,91
ac,CRUZEIRO DO SUL,1074,4,383,36,161
ac,CRUZEIRO DO SUL,1074,4,385,34,121
ac,CRUZEIRO DO SUL,1074,4,386,26,134
ac,CRUZEIRO DO SUL,1074,4,390,39,138
ac,CRUZEIRO DO SUL,1074,4,391,53,153
ac,CRUZEIRO DO SUL,1074,4,392,57,153
ac,CRUZEIRO DO SUL,1074,4,393,43,146
ac,CRUZEIRO DO SUL,1074,4,394,35,155
ac,CRUZEIRO DO SUL,1074,4,395,35,112
ac,CRUZEIRO DO SUL,1074,4,396,42,168
ac,CRUZEIRO DO SUL,1074,4,397,54,155
ac,CRUZEIRO DO SUL,1074,4,398,46,167
ac,CRUZEIRO DO SUL,1074,4,399,32,162
ac,CRUZEIRO DO SUL,1074,4,400,34,177
ac,CRUZEIRO DO SUL,1074,4,401,27,114
ac,CRUZEIRO DO SUL,1074,4,402,54,154
ac,CRUZEIRO DO SUL,1074,4,403,46,112
ac,CRUZEIRO DO SUL,1074,4,404,55,185
ac,CRUZEIRO DO SUL,1074,4,405,43,159
ac,CRUZEIRO DO SUL,1074,4,406,23,174
ac,CRUZEIRO DO SUL,1074,4,407,47,155
ac,CRUZEIRO DO SUL,1074,4,408,42,150
ac,CRUZEIRO DO SUL,1074,4,409,43,151
ac,CRUZEIRO DO SUL,1074,4,410,40,174
ac,CRUZEIRO DO SUL,1074,4,411,46,162
ac,CRUZEIRO DO SUL,1074,4,412,36,124
ac,CRUZEIRO DO SUL,1074,4,413,34,141
ac,CRUZEIRO DO SUL,1074,4,415,46,107
ac,CRUZEIRO DO SUL,1074,4,416,39,161
ac,CRUZEIRO DO SUL,1074,4,417,41,128
ac,CRUZEIRO DO SUL,1074,4,418,42,127
ac,CRUZEIRO DO SUL,1074,4,419,35,158
ac,CRUZEIRO DO SUL,1074,4,420,25,152
ac,CRUZEIRO DO SUL,1074,4,421,28,110
ac,CRUZEIRO DO SUL,1074,4,422,71,92
ac,CRUZEIRO DO SUL,1074,4,423,56,149
ac,CRUZEIRO DO SUL,1074,4,446,12,84
ac,CRUZEIRO DO SUL,1074,4,452,34,50
ac,RODRIGUES ALVES,1082,4,82,56,135
ac,RODRIGUES ALVES,1082,4,83,35,109
ac,RODRIGUES ALVES,1082,4,84,38,149
ac,RODRIGUES ALVES,1082,4,148,26,141
ac,RODRIGUES ALVES,1082,4,149,31,104
ac,RODRIGUES ALVES,1082,4,150,45,154
ac,RODRIGUES ALVES,1082,4,169,38,146
ac,RODRIGUES ALVES,1082,4,170,24,123
ac,RODRIGUES ALVES,1082,4,171,36,135
ac,RODRIGUES ALVES,1082,4,174,26,91
ac,RODRIGUES ALVES,1082,4,176,41,113
ac,RODRIGUES ALVES,1082,4,193,34,148
ac,RODRIGUES ALVES,1082,4,197,47,91
ac,RODRIGUES ALVES,1082,4,209,42,147
ac,RODRIGUES ALVES,1082,4,212,31,107
ac,RODRIGUES ALVES,1082,4,215,45,116
ac,RODRIGUES ALVES,1082,4,225,35,151
ac,RODRIGUES ALVES,1082,4,226,31,117
ac,RODRIGUES ALVES,1082,4,231,63,168
ac,RODRIGUES ALVES,1082,4,232,29,135
ac,RODRIGUES ALVES,1082,4,233,51,131
ac,RODRIGUES ALVES,1082,4,234,14,138
ac,RODRIGUES ALVES,1082,4,241,14,144
ac,RODRIGUES ALVES,1082,4,250,56,176
ac,RODRIGUES ALVES,1082,4,272,27,57
ac,RODRIGUES ALVES,1082,4,274,11,168
ac,RODRIGUES ALVES,1082,4,281,34,72
ac,RODRIGUES ALVES,1082,4,290,18,126
ac,RODRIGUES ALVES,1082,4,292,19,178
ac,RODRIGUES ALVES,1082,4,298,22,127
ac,RODRIGUES ALVES,1082,4,299,12,117
ac,RODRIGUES ALVES,1082,4,302,13,93
ac,RODRIGUES ALVES,1082,4,304,14,98
ac,RODRIGUES ALVES,1082,4,309,33,183
ac,RODRIGUES ALVES,1082,4,317,20,194
ac,RODRIGUES ALVES,1082,4,349,30,119
ac,RODRIGUES ALVES,1082,4,351,26,121
ac,RODRIGUES ALVES,1082,4,357,48,145
ac,RODRIGUES ALVES,1082,4,377,20,88
ac,RODRIGUES ALVES,1082,4,380,28,114
ac,RODRIGUES ALVES,1082,4,387,23,111
ac,RODRIGUES ALVES,1082,4,388,28,110
ac,RODRIGUES ALVES,1082,4,427,9,49
ac,RODRIGUES ALVES,1082,4,428,29,62
ac,RODRIGUES ALVES,1082,4,431,30,93
ac,RODRIGUES ALVES,1082,4,438,29,132
ac,RODRIGUES ALVES,1082,4,440,25,162
ac,RODRIGUES ALVES,1082,4,455,19,123
ac,MÂNCIO LIMA,1090,4,89,45,127
ac,MÂNCIO LIMA,1090,4,90,35,87
ac,MÂNCIO LIMA,1090,4,91,36,119
ac,MÂNCIO LIMA,1090,4,92,44,148
ac,MÂNCIO LIMA,1090,4,93,49,165
ac,MÂNCIO LIMA,1090,4,94,37,82
ac,MÂNCIO LIMA,1090,4,95,52,163
ac,MÂNCIO LIMA,1090,4,96,42,169
ac,MÂNCIO LIMA,1090,4,97,36,151
ac,MÂNCIO LIMA,1090,4,99,31,75
ac,MÂNCIO LIMA,1090,4,100,30,80
ac,MÂNCIO LIMA,1090,4,101,65,154
ac,MÂNCIO LIMA,1090,4,102,81,112
ac,MÂNCIO LIMA,1090,4,103,39,133
ac,MÂNCIO LIMA,1090,4,104,77,156
ac,MÂNCIO LIMA,1090,4,116,43,136
ac,MÂNCIO LIMA,1090,4,122,48,124
ac,MÂNCIO LIMA,1090,4,127,48,125
ac,MÂNCIO LIMA,1090,4,151,75,69
ac,MÂNCIO LIMA,1090,4,153,51,147
ac,MÂNCIO LIMA,1090,4,172,34,106
ac,MÂNCIO LIMA,1090,4,177,17,59
ac,MÂNCIO LIMA,1090,4,180,73,127
ac,MÂNCIO LIMA,1090,4,181,94,43
ac,MÂNCIO LIMA,1090,4,190,71,165
ac,MÂNCIO LIMA,1090,4,216,58,151
ac,MÂNCIO LIMA,1090,4,217,25,86
ac,MÂNCIO LIMA,1090,4,218,32,102
ac,MÂNCIO LIMA,1090,4,248,28,132
ac,MÂNCIO LIMA,1090,4,264,32,87
ac,MÂNCIO LIMA,1090,4,265,61,163
ac,MÂNCIO LIMA,1090,4,267,56,142
ac,MÂNCIO LIMA,1090,4,273,68,89
ac,MÂNCIO LIMA,1090,4,276,67,98
ac,MÂNCIO LIMA,1090,4,277,129,141
ac,MÂNCIO LIMA,1090,4,283,17,80
ac,MÂNCIO LIMA,1090,4,303,84,62
ac,MÂNCIO LIMA,1090,4,307,87,110
ac,MÂNCIO LIMA,1090,4,310,54,160
ac,MÂNCIO LIMA,1090,4,335,49,149
ac,MÂNCIO LIMA,1090,4,346,58,106
ac,MÂNCIO LIMA,1090,4,364,24,145
ac,MÂNCIO LIMA,1090,4,366,29,113
ac,MÂNCIO LIMA,1090,4,367,49,141
ac,MÂNCIO LIMA,1090,4,369,85,71
ac,MÂNCIO LIMA,1090,4,414,66,126
ac,MÂNCIO LIMA,1090,4,425,48,136
ac,MÂNCIO LIMA,1090,4,426,45,97
ac,MÂNCIO LIMA,1090,4,432,29,148
ac,MÂNCIO LIMA,1090,4,433,27,122
ac,MÂNCIO LIMA,1090,4,436,45,119
ac,MÂNCIO LIMA,1090,4,437,65,131
ac,MÂNCIO LIMA,1090,4,439,38,102
ac,JORDÃO,1104,5,27,112,98
ac,JORDÃO,1104,5,28,78,81
ac,JORDÃO,1104,5,32,104,95
ac,JORDÃO,1104,5,37,118,95
ac,JORDÃO,1104,5,45,112,87
ac,JORDÃO,1104,5,46,108,96
ac,JORDÃO,1104,5,52,79,89
ac,JORDÃO,1104,5,56,34,38
ac,JORDÃO,1104,5,57,33,76
ac,JORDÃO,1104,5,62,47,51
ac,JORDÃO,1104,5,65,122,5
ac,JORDÃO,1104,5,66,215,15
ac,JORDÃO,1104,5,67,108,59
ac,JORDÃO,1104,5,75,97,76
ac,JORDÃO,1104,5,100,23,79
ac,JORDÃO,1104,5,112,104,83
ac,JORDÃO,1104,5,118,76,91
ac,JORDÃO,1104,5,122,100,44
ac,JORDÃO,1104,5,123,103,68
ac,JORDÃO,1104,5,126,94,39
ac,JORDÃO,1104,5,131,113,68
ac,EPITACIOLÂNDIA,1112,6,9,54,155
ac,EPITACIOLÂNDIA,1112,6,10,54,158
ac,EPITACIOLÂNDIA,1112,6,22,52,164
ac,EPITACIOLÂNDIA,1112,6,26,40,161
ac,EPITACIOLÂNDIA,1112,6,34,69,149
ac,EPITACIOLÂNDIA,1112,6,40,50,156
ac,EPITACIOLÂNDIA,1112,6,42,57,172
ac,EPITACIOLÂNDIA,1112,6,46,58,164
ac,EPITACIOLÂNDIA,1112,6,47,60,152
ac,EPITACIOLÂNDIA,1112,6,48,53,160
ac,EPITACIOLÂNDIA,1112,6,49,51,179
ac,EPITACIOLÂNDIA,1112,6,50,41,170
ac,EPITACIOLÂNDIA,1112,6,51,59,138
ac,EPITACIOLÂNDIA,1112,6,59,63,154
ac,EPITACIOLÂNDIA,1112,6,60,52,173
ac,EPITACIOLÂNDIA,1112,6,61,46,159
ac,EPITACIOLÂNDIA,1112,6,64,50,165
ac,EPITACIOLÂNDIA,1112,6,65,64,167
ac,EPITACIOLÂNDIA,1112,6,68,70,132
ac,EPITACIOLÂNDIA,1112,6,69,41,131
ac,EPITACIOLÂNDIA,1112,6,70,49,103
ac,EPITACIOLÂNDIA,1112,6,71,44,173
ac,EPITACIOLÂNDIA,1112,6,72,31,128
ac,EPITACIOLÂNDIA,1112,6,77,34,153
ac,EPITACIOLÂNDIA,1112,6,82,49,121
ac,EPITACIOLÂNDIA,1112,6,86,69,161
ac,EPITACIOLÂNDIA,1112,6,96,42,122
ac,EPITACIOLÂNDIA,1112,6,97,66,88
ac,EPITACIOLÂNDIA,1112,6,98,97,79
ac,EPITACIOLÂNDIA,1112,6,101,55,101
ac,EPITACIOLÂNDIA,1112,6,103,91,115
ac,EPITACIOLÂNDIA,1112,6,105,45,168
ac,EPITACIOLÂNDIA,1112,6,106,47,163
ac,EPITACIOLÂNDIA,1112,6,107,62,139
ac,EPITACIOLÂNDIA,1112,6,116,50,160
ac,EPITACIOLÂNDIA,1112,6,123,50,176
ac,EPITACIOLÂNDIA,1112,6,124,51,124
ac,EPITACIOLÂNDIA,1112,6,125,52,119
ac,EPITACIOLÂNDIA,1112,6,134,53,146
ac,EPITACIOLÂNDIA,1112,6,135,62,139
ac,EPITACIOLÂNDIA,1112,6,141,20,77
ac,EPITACIOLÂNDIA,1112,6,142,41,130
ac,EPITACIOLÂNDIA,1112,6,144,46,148
ac,EPITACIOLÂNDIA,1112,6,145,16,69
ac,EPITACIOLÂNDIA,1112,6,147,49,162
ac,EPITACIOLÂNDIA,1112,6,148,47,163
ac,EPITACIOLÂNDIA,1112,6,151,62,143
ac,ACRELÂNDIA,1120,8,8,41,111
ac,ACRELÂNDIA,1120,8,9,28,105
ac,ACRELÂNDIA,1120,8,64,41,123
ac,ACRELÂNDIA,1120,8,72,42,116
ac,ACRELÂNDIA,1120,8,77,31,122
ac,ACRELÂNDIA,1120,8,83,28,125
ac,ACRELÂNDIA,1120,8,84,32,126
ac,ACRELÂNDIA,1120,8,85,55,194
ac,ACRELÂNDIA,1120,8,93,36,131
ac,ACRELÂNDIA,1120,8,94,37,114
ac,ACRELÂNDIA,1120,8,95,35,98
ac,ACRELÂNDIA,1120,8,99,28,117
ac,ACRELÂNDIA,1120,8,101,41,163
ac,ACRELÂNDIA,1120,8,102,45,96
ac,ACRELÂNDIA,1120,8,115,44,158
ac,ACRELÂNDIA,1120,8,117,32,124
ac,ACRELÂNDIA,1120,8,123,38,172
ac,ACRELÂNDIA,1120,8,124,40,98
ac,ACRELÂNDIA,1120,8,125,32,136
ac,ACRELÂNDIA,1120,8,132,31,117
ac,ACRELÂNDIA,1120,8,142,33,161
ac,ACRELÂNDIA,1120,8,143,27,113
ac,ACRELÂNDIA,1120,8,146,25,107
ac,ACRELÂNDIA,1120,8,159,40,178
ac,ACRELÂNDIA,1120,8,162,38,164
ac,ACRELÂNDIA,1120,8,164,17,91
ac,ACRELÂNDIA,1120,8,169,34,130
ac,ACRELÂNDIA,1120,8,178,56,180
ac,ACRELÂNDIA,1120,8,181,41,121
ac,ACRELÂNDIA,1120,8,182,46,143
ac,ACRELÂNDIA,1120,8,185,22,136
ac,ACRELÂNDIA,1120,8,186,31,132
ac,ACRELÂNDIA,1120,8,198,28,52
ac,ACRELÂNDIA,1120,8,199,49,105
ac,ACRELÂNDIA,1120,8,205,27,118
ac,ACRELÂNDIA,1120,8,209,38,105
ac,ACRELÂNDIA,1120,8,215,33,153
ac,ACRELÂNDIA,1120,8,224,27,103
ac,ACRELÂNDIA,1120,8,232,31,136
ac,ACRELÂNDIA,1120,8,233,22,98
ac,ACRELÂNDIA,1120,8,235,32,129
ac,ACRELÂNDIA,1120,8,256,26,116
ac,FEIJÓ,1139,7,1,77,77
ac,FEIJÓ,1139,7,2,76,84
ac,FEIJÓ,1139,7,3,84,87
ac,FEIJÓ,1139,7,4,94,92
ac,FEIJÓ,1139,7,5,77,105
ac,FEIJÓ,1139,7,6,61,63
ac,FEIJÓ,1139,7,7,77,69
ac,FEIJÓ,1139,7,8,69,74
ac,FEIJÓ,1139,7,9,54,63
ac,FEIJÓ,1139,7,10,89,76
ac,FEIJÓ,1139,7,11,85,76
ac,FEIJÓ,1139,7,12,81,70
ac,FEIJÓ,1139,7,13,85,85
ac,FEIJÓ,1139,7,14,68,78
ac,FEIJÓ,1139,7,15,75,71
ac,FEIJÓ,1139,7,16,65,70
ac,FEIJÓ,1139,7,17,83,89
ac,FEIJÓ,1139,7,18,76,77
ac,FEIJÓ,1139,7,19,100,74
ac,FEIJÓ,1139,7,20,80,96
ac,FEIJÓ,1139,7,21,57,116
ac,FEIJÓ,1139,7,22,76,90
ac,FEIJÓ,1139,7,23,85,94
ac,FEIJÓ,1139,7,24,76,81
ac,FEIJÓ,1139,7,25,74,71
ac,FEIJÓ,1139,7,26,63,84
ac,FEIJÓ,1139,7,27,65,85
ac,FEIJÓ,1139,7,28,69,68
ac,FEIJÓ,1139,7,29,75,61
ac,FEIJÓ,1139,7,30,88,72
ac,FEIJÓ,1139,7,31,92,66
ac,FEIJÓ,1139,7,32,67,76
ac,FEIJÓ,1139,7,33,79,73
ac,FEIJÓ,1139,7,34,99,94
ac,FEIJÓ,1139,7,35,80,81
ac,FEIJÓ,1139,7,36,61,81
ac,FEIJÓ,1139,7,37,87,87
ac,FEIJÓ,1139,7,38,68,92
ac,FEIJÓ,1139,7,39,94,101
ac,FEIJÓ,1139,7,40,112,74
ac,FEIJÓ,1139,7,41,89,110
ac,FEIJÓ,1139,7,42,81,100
ac,FEIJÓ,1139,7,43,67,85
ac,FEIJÓ,1139,7,44,88,112
ac,FEIJÓ,1139,7,45,136,57
ac,FEIJÓ,1139,7,46,48,40
ac,FEIJÓ,1139,7,47,68,28
ac,FEIJÓ,1139,7,48,100,81
ac,FEIJÓ,1139,7,49,71,114
ac,FEIJÓ,1139,7,50,62,75
ac,FEIJÓ,1139,7,51,89,111
ac,FEIJÓ,1139,7,52,52,22
ac,FEIJÓ,1139,7,53,112,56
ac,FEIJÓ,1139,7,54,91,129
ac,FEIJÓ,1139,7,56,47,42
ac,FEIJÓ,1139,7,57,109,81
ac,FEIJÓ,1139,7,58,60,102
ac,FEIJÓ,1139,7,59,60,99
ac,FEIJÓ,1139,7,60,56,85
ac,FEIJÓ,1139,7,62,105,95
ac,FEIJÓ,1139,7,63,144,68
ac,FEIJÓ,1139,7,64,89,102
ac,FEIJÓ,1139,7,65,50,29
ac,FEIJÓ,1139,7,66,21,13
ac,FEIJÓ,1139,7,67,55,9
ac,FEIJÓ,1139,7,68,62,27
ac,FEIJÓ,1139,7,69,45,1
ac,FEIJÓ,1139,7,70,219,11
ac,FEIJÓ,1139,7,71,260,5
ac,FEIJÓ,1139,7,72,127,88
ac,FEIJÓ,1139,7,73,73,28
ac,FEIJÓ,1139,7,76,79,21
ac,FEIJÓ,1139,7,78,82,131
ac,FEIJÓ,1139,7,79,43,75
ac,FEIJÓ,1139,7,80,101,100
ac,FEIJÓ,1139,7,81,81,139
ac,FEIJÓ,1139,7,82,138,92
ac,FEIJÓ,1139,7,83,120,24
ac,FEIJÓ,1139,7,84,87,91
ac,FEIJÓ,1139,7,85,84,110
ac,FEIJÓ,1139,7,86,122,69
ac,FEIJÓ,1139,7,87,72,103
ac,FEIJÓ,1139,7,88,122,91
ac,FEIJÓ,1139,7,89,92,84
ac,FEIJÓ,1139,7,90,31,25
ac,RIO BRANCO,1392,1,3,48,96
ac,RIO BRANCO,1392,1,4,83,167
ac,RIO BRANCO,1392,1,5,72,183
ac,RIO BRANCO,1392,1,6,72,168
ac,RIO BRANCO,1392,1,7,83,192
ac,RIO BRANCO,1392,1,8,61,166
ac,RIO BRANCO,1392,1,9,69,132
ac,RIO BRANCO,1392,1,10,64,128
ac,RIO BRANCO,1392,1,12,48,100
ac,RIO BRANCO,1392,1,13,71,199
ac,RIO BRANCO,1392,1,14,54,118
ac,RIO BRANCO,1392,1,15,66,125
ac,RIO BRANCO,1392,1,23,69,121
ac,RIO BRANCO,1392,1,24,52,121
ac,RIO BRANCO,1392,1,25,72,164
ac,RIO BRANCO,1392,1,26,36,107
ac,RIO BRANCO,1392,1,27,75,172
ac,RIO BRANCO,1392,1,28,60,116
ac,RIO BRANCO,1392,1,29,60,115
ac,RIO BRANCO,1392,1,30,61,110
ac,RIO BRANCO,1392,1,31,44,101
ac,RIO BRANCO,1392,1,32,39,90
ac,RIO BRANCO,1392,1,34,43,97
ac,RIO BRANCO,1392,1,35,79,170
ac,RIO BRANCO,1392,1,36,68,170
ac,RIO BRANCO,1392,1,37,63,177
ac,RIO BRANCO,1392,1,38,72,163
ac,RIO BRANCO,1392,1,39,48,94
ac,RIO BRANCO,1392,1,40,36,111
ac,RIO BRANCO,1392,1,41,46,99
ac,RIO BRANCO,1392,1,42,45,85
ac,RIO BRANCO,1392,1,43,49,122
ac,RIO BRANCO,1392,1,45,70,104
ac,RIO BRANCO,1392,1,46,53,126
ac,RIO BRANCO,1392,1,47,52,112
ac,RIO BRANCO,1392,1,50,53,143
ac,RIO BRANCO,1392,1,51,39,148
ac,RIO BRANCO,1392,1,52,48,90
ac,RIO BRANCO,1392,1,62,57,141
ac,RIO BRANCO,1392,1,63,65,130
ac,RIO BRANCO,1392,1,64,56,150
ac,RIO BRANCO,1392,1,65,41,140
ac,RIO BRANCO,1392,1,66,56,135
ac,RIO BRANCO,1392,1,67,50,155
ac,RIO BRANCO,1392,1,75,46,141
ac,RIO BRANCO,1392,1,76,52,150
ac,RIO BRANCO,1392,1,77,46,104
ac,RIO BRANCO,1392,1,83,54,154
ac,RIO BRANCO,1392,1,84,41,167
ac,RIO BRANCO,1392,1,85,49,172
ac,RIO BRANCO,1392,1,86,46,135
ac,RIO BRANCO,1392,1,87,39,160
ac,RIO BRANCO,1392,1,88,63,146
ac,RIO BRANCO,1392,1,89,58,143
ac,RIO BRANCO,1392,1,90,45,148
ac,RIO BRANCO,1392,1,93,46,109
ac,RIO BRANCO,1392,1,94,55,101
ac,RIO BRANCO,1392,1,95,80,147
ac,RIO BRANCO,1392,1,96,72,171
ac,RIO BRANCO,1392,1,97,46,136
ac,RIO BRANCO,1392,1,98,55,114
ac,RIO BRANCO,1392,1,99,57,136
ac,RIO BRANCO,1392,1,100,41,113
ac,RIO BRANCO,1392,1,129,83,178
ac,RIO BRANCO,1392,1,130,83,182
ac,RIO BRANCO,1392,1,146,57,136
ac,RIO BRANCO,1392,1,147,50,109
ac,RIO BRANCO,1392,1,148,63,114
ac,RIO BRANCO,1392,1,151,44,104
ac,RIO BRANCO,1392,1,158,90,184
ac,RIO BRANCO,1392,1,159,80,200
ac,RIO BRANCO,1392,1,160,71,151
ac,RIO BRANCO,1392,1,161,77,131
ac,RIO BRANCO,1392,1,162,48,96
ac,RIO BRANCO,1392,1,163,39,103
ac,RIO BRANCO,1392,1,164,56,123
ac,RIO BRANCO,1392,1,168,78,185
ac,RIO BRANCO,1392,1,169,60,137
ac,RIO BRANCO,1392,1,171,39,113
ac,RIO BRANCO,1392,1,172,109,156
ac,RIO BRANCO,1392,1,173,47,91
ac,RIO BRANCO,1392,1,174,68,173
ac,RIO BRANCO,1392,1,176,54,157
ac,RIO BRANCO,1392,1,178,43,105
ac,RIO BRANCO,1392,1,179,46,112
ac,RIO BRANCO,1392,1,182,64,191
ac,RIO BRANCO,1392,1,183,65,194
ac,RIO BRANCO,1392,1,184,60,196
ac,RIO BRANCO,1392,1,185,64,121
ac,RIO BRANCO,1392,1,186,47,121
ac,RIO BRANCO,1392,1,187,54,164
ac,RIO BRANCO,1392,1,189,58,124
ac,RIO BRANCO,1392,1,190,57,118
ac,RIO BRANCO,1392,1,191,59,116
ac,RIO BRANCO,1392,1,192,46,85
ac,RIO BRANCO,1392,1,193,43,96
ac,RIO BRANCO,1392,1,194,47,98
ac,RIO BRANCO,1392,1,204,24,105
ac,RIO BRANCO,1392,1,205,22,110
ac,RIO BRANCO,1392,1,206,26,98
ac,RIO BRANCO,1392,1,248,82,121
ac,RIO BRANCO,1392,1,249,57,155
ac,RIO BRANCO,1392,1,250,72,127
ac,RIO BRANCO,1392,1,261,63,164
ac,RIO BRANCO,1392,1,263,64,181
ac,RIO BRANCO,1392,1,264,40,102
ac,RIO BRANCO,1392,1,268,57,177
ac,RIO BRANCO,1392,1,270,54,161
ac,RIO BRANCO,1392,1,271,64,163
ac,RIO BRANCO,1392,1,272,64,164
ac,RIO BRANCO,1392,1,273,52,122
ac,RIO BRANCO,1392,1,275,43,95
ac,RIO BRANCO,1392,1,277,77,139
ac,RIO BRANCO,1392,1,278,88,181
ac,RIO BRANCO,1392,1,280,45,102
ac,RIO BRANCO,1392,1,281,30,117
ac,RIO BRANCO,1392,1,287,54,119
ac,RIO BRANCO,1392,1,288,70,184
ac,RIO BRANCO,1392,1,299,74,173
ac,RIO BRANCO,1392,1,303,50,94
ac,RIO BRANCO,1392,1,308,59,100
ac,RIO BRANCO,1392,1,310,39,195
ac,RIO BRANCO,1392,1,316,45,181
ac,RIO BRANCO,1392,1,321,74,151
ac,RIO BRANCO,1392,1,327,57,127
ac,RIO BRANCO,1392,1,330,65,182
ac,RIO BRANCO,1392,1,335,52,150
ac,RIO BRANCO,1392,1,337,72,161
ac,RIO BRANCO,1392,1,347,49,149
ac,RIO BRANCO,1392,1,349,52,144
ac,RIO BRANCO,1392,1,350,69,135
ac,RIO BRANCO,1392,1,351,63,178
ac,RIO BRANCO,1392,1,366,63,169
ac,RIO BRANCO,1392,1,368,76,170
ac,RIO BRANCO,1392,1,369,45,106
ac,RIO BRANCO,1392,1,374,47,152
ac,RIO BRANCO,1392,1,379,98,203
ac,RIO BRANCO,1392,1,380,79,151
ac,RIO BRANCO,1392,1,381,62,137
ac,RIO BRANCO,1392,1,385,66,157
ac,RIO BRANCO,1392,1,386,65,182
ac,RIO BRANCO,1392,1,390,52,198
ac,RIO BRANCO,1392,1,391,66,204
ac,RIO BRANCO,1392,1,398,55,205
ac,RIO BRANCO,1392,1,400,80,178
ac,RIO BRANCO,1392,1,401,56,137
ac,RIO BRANCO,1392,1,406,78,193
ac,RIO BRANCO,1392,1,416,53,181
ac,RIO BRANCO,1392,1,419,38,116
ac,RIO BRANCO,1392,1,422,52,158
ac,RIO BRANCO,1392,1,426,54,170
ac,RIO BRANCO,1392,1,429,45,115
ac,RIO BRANCO,1392,1,434,50,182
ac,RIO BRANCO,1392,1,435,58,172
ac,RIO BRANCO,1392,1,436,78,182
ac,RIO BRANCO,1392,1,437,46,197
ac,RIO BRANCO,1392,1,438,57,168
ac,RIO BRANCO,1392,1,439,54,160
ac,RIO BRANCO,1392,1,440,48,179
ac,RIO BRANCO,1392,1,441,53,154
ac,RIO BRANCO,1392,1,442,64,178
ac,RIO BRANCO,1392,1,443,64,171
ac,RIO BRANCO,1392,1,444,57,201
ac,RIO BRANCO,1392,1,445,35,165
ac,RIO BRANCO,1392,1,446,43,197
ac,RIO BRANCO,1392,1,447,51,192
ac,RIO BRANCO,1392,1,448,53,167
ac,RIO BRANCO,1392,1,449,44,170
ac,RIO BRANCO,1392,1,450,65,157
ac,RIO BRANCO,1392,1,451,54,176
ac,RIO BRANCO,1392,1,452,51,191
ac,RIO BRANCO,1392,1,453,57,148
ac,RIO BRANCO,1392,1,454,51,151
ac,RIO BRANCO,1392,1,455,27,115
ac,RIO BRANCO,1392,1,456,57,171
ac,RIO BRANCO,1392,1,457,48,182
ac,RIO BRANCO,1392,1,458,51,159
ac,RIO BRANCO,1392,1,459,46,200
ac,RIO BRANCO,1392,1,460,48,193
ac,RIO BRANCO,1392,1,461,59,176
ac,RIO BRANCO,1392,1,462,57,182
ac,RIO BRANCO,1392,1,463,58,201
ac,RIO BRANCO,1392,1,464,46,175
ac,RIO BRANCO,1392,1,465,61,176
ac,RIO BRANCO,1392,1,466,55,152
ac,RIO BRANCO,1392,1,467,66,164
ac,RIO BRANCO,1392,1,468,48,194
ac,RIO BRANCO,1392,1,469,45,196
ac,RIO BRANCO,1392,1,470,61,140
ac,RIO BRANCO,1392,1,471,38,187
ac,RIO BRANCO,1392,1,472,44,196
ac,RIO BRANCO,1392,1,473,38,162
ac,RIO BRANCO,1392,1,474,54,172
ac,RIO BRANCO,1392,1,475,56,152
ac,RIO BRANCO,1392,1,476,47,193
ac,RIO BRANCO,1392,1,477,50,149
ac,RIO BRANCO,1392,1,478,47,178
ac,RIO BRANCO,1392,1,479,44,94
ac,RIO BRANCO,1392,1,480,61,166
ac,RIO BRANCO,1392,1,481,46,162
ac,RIO BRANCO,1392,1,482,41,113
ac,RIO BRANCO,1392,1,484,56,180
ac,RIO BRANCO,1392,1,485,43,169
ac,RIO BRANCO,1392,1,486,29,156
ac,RIO BRANCO,1392,1,487,45,194
ac,RIO BRANCO,1392,1,488,40,168
ac,RIO BRANCO,1392,1,489,49,156
ac,RIO BRANCO,1392,1,490,48,201
ac,RIO BRANCO,1392,1,491,49,167
ac,RIO BRANCO,1392,1,492,56,176
ac,RIO BRANCO,1392,1,494,53,175
ac,RIO BRANCO,1392,1,495,51,163
ac,RIO BRANCO,1392,1,496,56,116
ac,RIO BRANCO,1392,1,497,40,184
ac,RIO BRANCO,1392,1,498,53,143
ac,RIO BRANCO,1392,1,499,59,186
ac,RIO BRANCO,1392,1,500,34,108
ac,RIO BRANCO,1392,1,501,45,166
ac,RIO BRANCO,1392,1,502,32,159
ac,RIO BRANCO,1392,1,503,69,179
ac,RIO BRANCO,1392,1,504,34,117
ac,RIO BRANCO,1392,1,505,40,177
ac,RIO BRANCO,1392,1,506,46,181
ac,RIO BRANCO,1392,1,507,54,131
ac,RIO BRANCO,1392,1,508,34,125
ac,RIO BRANCO,1392,1,509,36,126
ac,RIO BRANCO,1392,1,510,52,211
ac,RIO BRANCO,1392,1,511,31,103
ac,RIO BRANCO,1392,1,512,46,165
ac,RIO BRANCO,1392,1,513,54,140
ac,RIO BRANCO,1392,1,515,38,98
ac,RIO BRANCO,1392,1,516,37,86
ac,RIO BRANCO,1392,1,517,26,103
ac,RIO BRANCO,1392,1,518,71,130
ac,RIO BRANCO,1392,1,519,29,99
ac,RIO BRANCO,1392,1,520,34,93
ac,RIO BRANCO,1392,1,521,29,108
ac,RIO BRANCO,1392,1,523,21,120
ac,RIO BRANCO,1392,1,524,64,149
ac,RIO BRANCO,1392,1,526,53,141
ac,RIO BRANCO,1392,1,527,41,123
ac,RIO BRANCO,1392,1,529,63,141
ac,RIO BRANCO,1392,1,530,52,140
ac,RIO BRANCO,1392,1,531,33,153
ac,RIO BRANCO,1392,1,532,43,86
ac,RIO BRANCO,1392,1,533,69,154
ac,RIO BRANCO,1392,1,534,57,146
ac,RIO BRANCO,1392,1,535,49,157
ac,RIO BRANCO,1392,1,536,46,92
ac,RIO BRANCO,1392,1,537,32,94
ac,RIO BRANCO,1392,1,539,27,69
ac,RIO BRANCO,1392,1,541,58,169
ac,RIO BRANCO,1392,1,542,49,191
ac,RIO BRANCO,1392,1,543,37,90
ac,RIO BRANCO,1392,1,544,44,148
ac,RIO BRANCO,1392,1,545,78,152
ac,RIO BRANCO,1392,1,546,66,144
ac,RIO BRANCO,1392,1,547,48,150
ac,RIO BRANCO,1392,1,549,47,150
ac,RIO BRANCO,1392,1,550,40,89
ac,RIO BRANCO,1392,1,551,36,122
ac,RIO BRANCO,1392,1,552,59,141
ac,RIO BRANCO,1392,1,553,38,161
ac,RIO BRANCO,1392,1,554,57,171
ac,RIO BRANCO,1392,1,555,43,134
ac,RIO BRANCO,1392,1,556,45,118
ac,RIO BRANCO,1392,1,557,59,154
ac,RIO BRANCO,1392,1,558,38,98
ac,RIO BRANCO,1392,1,559,41,88
ac,RIO BRANCO,1392,1,560,31,104
ac,RIO BRANCO,1392,1,561,34,91
ac,RIO BRANCO,1392,1,562,55,177
ac,RIO BRANCO,1392,1,564,46,164
ac,RIO BRANCO,1392,1,565,49,108
ac,RIO BRANCO,1392,1,566,56,139
ac,RIO BRANCO,1392,1,567,65,164
ac,RIO BRANCO,1392,1,568,60,164
ac,RIO BRANCO,1392,1,569,97,172
ac,RIO BRANCO,1392,1,570,83,179
ac,RIO BRANCO,1392,1,571,91,181
ac,RIO BRANCO,1392,1,572,89,191
ac,RIO BRANCO,1392,1,573,64,185
ac,RIO BRANCO,1392,1,574,66,172
ac,RIO BRANCO,1392,1,632,73,167
ac,RIO BRANCO,1392,1,633,77,176
ac,RIO BRANCO,1392,1,634,71,173
ac,RIO BRANCO,1392,1,635,92,156
ac,RIO BRANCO,1392,1,636,86,137
ac,RIO BRANCO,1392,1,637,74,171
ac,RIO BRANCO,1392,1,638,64,187
ac,RIO BRANCO,1392,1,639,67,166
ac,RIO BRANCO,1392,1,640,79,166
ac,RIO BRANCO,1392,1,641,62,184
ac,RIO BRANCO,1392,1,642,74,173
ac,RIO BRANCO,1392,1,643,63,190
ac,RIO BRANCO,1392,1,644,58,195
ac,RIO BRANCO,1392,1,645,77,159
ac,RIO BRANCO,1392,1,646,70,159
ac,RIO BRANCO,1392,1,647,78,169
ac,RIO BRANCO,1392,1,648,67,163
ac,RIO BRANCO,1392,1,649,61,201
ac,RIO BRANCO,1392,1,650,56,204
ac,RIO BRANCO,1392,1,651,50,209
ac,RIO BRANCO,1392,1,652,54,209
ac,RIO BRANCO,1392,1,653,52,192
ac,RIO BRANCO,1392,1,654,57,189
ac,RIO BRANCO,1392,1,655,57,185
ac,RIO BRANCO,1392,1,656,79,165
ac,RIO BRANCO,1392,1,657,59,177
ac,RIO BRANCO,1392,1,658,56,184
ac,RIO BRANCO,1392,1,659,58,164
ac,RIO BRANCO,1392,1,660,49,184
ac,RIO BRANCO,1392,1,661,71,187
ac,RIO BRANCO,1392,1,662,84,173
ac,RIO BRANCO,1392,1,663,61,188
ac,RIO BRANCO,1392,1,664,78,169
ac,RIO BRANCO,1392,1,665,89,176
ac,RIO BRANCO,1392,1,666,72,183
ac,RIO BRANCO,1392,1,667,67,193
ac,RIO BRANCO,1392,1,668,87,174
ac,RIO BRANCO,1392,1,669,83,174
ac,RIO BRANCO,1392,1,670,75,156
ac,RIO BRANCO,1392,1,671,67,171
ac,RIO BRANCO,1392,1,672,82,159
ac,RIO BRANCO,1392,1,673,87,158
ac,RIO BRANCO,1392,1,674,61,185
ac,RIO BRANCO,1392,1,675,55,182
ac,RIO BRANCO,1392,1,676,57,143
ac,RIO BRANCO,1392,1,677,74,147
ac,RIO BRANCO,1392,1,679,57,120
ac,RIO BRANCO,1392,1,680,58,129
ac,RIO BRANCO,1392,1,681,53,135
ac,RIO BRANCO,1392,1,682,64,169
ac,RIO BRANCO,1392,1,685,73,168
ac,RIO BRANCO,1392,1,686,64,160
ac,RIO BRANCO,1392,1,687,41,160
ac,RIO BRANCO,1392,1,688,44,155
ac,RIO BRANCO,1392,1,689,84,164
ac,RIO BRANCO,1392,1,690,79,171
ac,RIO BRANCO,1392,1,691,43,225
ac,RIO BRANCO,1392,1,692,57,194
ac,RIO BRANCO,1392,1,693,61,180
ac,RIO BRANCO,1392,1,694,82,161
ac,RIO BRANCO,1392,1,695,76,185
ac,RIO BRANCO,1392,1,696,59,203
ac,RIO BRANCO,1392,1,697,68,189
ac,RIO BRANCO,1392,1,698,70,184
ac,RIO BRANCO,1392,1,699,59,185
ac,RIO BRANCO,1392,1,700,61,182
ac,RIO BRANCO,1392,1,701,56,123
ac,RIO BRANCO,1392,1,702,49,106
ac,RIO BRANCO,1392,1,703,45,102
ac,RIO BRANCO,1392,1,704,49,95
ac,RIO BRANCO,1392,1,705,81,155
ac,RIO BRANCO,1392,1,706,78,130
ac,RIO BRANCO,1392,1,707,55,138
ac,RIO BRANCO,1392,1,708,50,146
ac,RIO BRANCO,1392,1,709,50,113
ac,RIO BRANCO,1392,1,710,66,189
ac,RIO BRANCO,1392,1,711,54,210
ac,RIO BRANCO,1392,1,712,56,205
ac,RIO BRANCO,1392,1,713,47,189
ac,RIO BRANCO,1392,1,714,50,93
ac,RIO BRANCO,1392,1,715,64,163
ac,RIO BRANCO,1392,1,716,84,157
ac,RIO BRANCO,1392,1,718,49,113
ac,RIO BRANCO,1392,1,722,77,153
ac,RIO BRANCO,1392,1,723,84,143
ac,RIO BRANCO,1392,1,724,77,142
ac,RIO BRANCO,1392,1,725,49,154
ac,RIO BRANCO,1392,1,726,43,148
ac,RIO BRANCO,1392,1,727,67,163
ac,RIO BRANCO,1392,1,728,61,155
ac,RIO BRANCO,1392,1,729,64,164
ac,RIO BRANCO,1392,1,730,63,179
ac,RIO BRANCO,1392,1,731,68,172
ac,RIO BRANCO,1392,1,732,62,182
ac,RIO BRANCO,1392,1,733,78,182
ac,RIO BRANCO,1392,1,734,71,167
ac,RIO BRANCO,1392,1,735,61,152
ac,RIO BRANCO,1392,1,736,70,183
ac,RIO BRANCO,1392,1,737,63,202
ac,RIO BRANCO,1392,1,738,70,197
ac,RIO BRANCO,1392,1,739,66,194
ac,RIO BRANCO,1392,1,740,69,152
ac,RIO BRANCO,1392,1,741,69,140
ac,RIO BRANCO,1392,1,742,54,139
ac,RIO BRANCO,1392,1,743,41,138
ac,RIO BRANCO,1392,1,744,61,153
ac,RIO BRANCO,1392,1,745,62,146
ac,RIO BRANCO,1392,1,746,84,172
ac,RIO BRANCO,1392,1,747,73,179
ac,RIO BRANCO,1392,1,748,80,185
ac,RIO BRANCO,1392,1,749,80,160
ac,RIO BRANCO,1392,1,750,83,152
ac,RIO BRANCO,1392,1,751,64,188
ac,RIO BRANCO,1392,1,752,73,166
ac,RIO BRANCO,1392,1,753,71,181
ac,RIO BRANCO,1392,1,754,64,181
ac,RIO BRANCO,1392,1,755,86,164
ac,RIO BRANCO,1392,1,756,61,213
ac,RIO BRANCO,1392,1,757,45,116
ac,RIO BRANCO,1392,1,758,47,129
ac,RIO BRANCO,1392,1,759,48,113
ac,RIO BRANCO,1392,1,760,47,123
ac,RIO BRANCO,1392,1,761,55,118
ac,RIO BRANCO,1392,1,762,40,81
ac,RIO BRANCO,1392,1,765,66,149
ac,RIO BRANCO,1392,1,766,74,165
ac,RIO BRANCO,1392,1,767,68,175
ac,RIO BRANCO,1392,1,768,65,165
ac,RIO BRANCO,1392,1,769,72,161
ac,RIO BRANCO,1392,1,770,51,166
ac,RIO BRANCO,1392,1,771,81,156
ac,RIO BRANCO,1392,1,772,59,124
ac,RIO BRANCO,1392,1,773,68,128
ac,RIO BRANCO,1392,1,774,73,192
ac,RIO BRANCO,1392,1,775,89,159
ac,RIO BRANCO,1392,1,776,87,166
ac,RIO BRANCO,1392,1,777,67,186
ac,RIO BRANCO,1392,1,778,66,209
ac,RIO BRANCO,1392,1,779,40,206
ac,RIO BRANCO,1392,1,780,59,189
ac,RIO BRANCO,1392,1,781,58,201
ac,RIO BRANCO,1392,1,782,67,211
ac,RIO BRANCO,1392,1,783,77,163
ac,RIO BRANCO,1392,1,784,58,179
ac,RIO BRANCO,1392,1,785,71,168
ac,RIO BRANCO,1392,1,786,65,158
ac,RIO BRANCO,1392,1,787,65,187
ac,RIO BRANCO,1392,1,788,67,153
ac,RIO BRANCO,1392,1,789,69,154
ac,RIO BRANCO,1392,1,790,72,162
ac,RIO BRANCO,1392,1,791,54,170
ac,RIO BRANCO,1392,1,792,78,169
ac,RIO BRANCO,1392,1,793,49,104
ac,RIO BRANCO,1392,1,794,64,145
ac,RIO BRANCO,1392,1,795,41,154
ac,RIO BRANCO,1392,1,796,55,136
ac,RIO BRANCO,1392,1,798,78,139
ac,RIO BRANCO,1392,1,800,61,173
ac,RIO BRANCO,1392,1,801,45,161
ac,RIO BRANCO,1392,1,802,81,133
ac,RIO BRANCO,1392,1,803,39,154
ac,RIO BRANCO,1392,1,804,58,124
ac,RIO BRANCO,1392,1,805,61,142
ac,RIO BRANCO,1392,1,806,62,167
ac,RIO BRANCO,1392,1,807,38,95
ac,RIO BRANCO,1392,1,808,38,138
ac,RIO BRANCO,1392,1,809,43,78
ac,RIO BRANCO,1392,1,810,40,121
ac,RIO BRANCO,1392,1,811,59,169
ac,RIO BRANCO,1392,1,812,67,155
ac,RIO BRANCO,1392,1,813,81,150
ac,RIO BRANCO,1392,1,814,76,144
ac,RIO BRANCO,1392,1,815,43,66
ac,RIO BRANCO,1392,1,816,26,111
ac,RIO BRANCO,1392,1,818,38,72
ac,RIO BRANCO,1392,1,820,97,174
ac,RIO BRANCO,1392,1,821,75,207
ac,RIO BRANCO,1392,1,822,77,152
ac,RIO BRANCO,1392,1,823,57,178
ac,RIO BRANCO,1392,1,824,64,180
ac,RIO BRANCO,1392,1,826,69,179
ac,RIO BRANCO,1392,1,827,34,110
ac,RIO BRANCO,1392,1,829,102,143
ac,RIO BRANCO,1392,1,834,59,189
ac,RIO BRANCO,1392,1,835,51,96
ac,RIO BRANCO,1392,9,11,56,143
ac,RIO BRANCO,1392,9,12,66,126
ac,RIO BRANCO,1392,9,13,54,99
ac,RIO BRANCO,1392,9,14,68,195
ac,RIO BRANCO,1392,9,15,79,182
ac,RIO BRANCO,1392,9,16,63,198
ac,RIO BRANCO,1392,9,17,71,194
ac,RIO BRANCO,1392,9,18,78,178
ac,RIO BRANCO,1392,9,19,70,185
ac,RIO BRANCO,1392,9,20,83,215
ac,RIO BRANCO,1392,9,21,75,184
ac,RIO BRANCO,1392,9,22,74,191
ac,RIO BRANCO,1392,9,23,60,203
ac,RIO BRANCO,1392,9,24,65,190
ac,RIO BRANCO,1392,9,25,68,182
ac,RIO BRANCO,1392,9,26,62,195
ac,RIO BRANCO,1392,9,27,63,200
ac,RIO BRANCO,1392,9,28,53,121
ac,RIO BRANCO,1392,9,29,44,161
ac,RIO BRANCO,1392,9,30,68,195
ac,RIO BRANCO,1392,9,31,56,210
ac,RIO BRANCO,1392,9,32,54,133
ac,RIO BRANCO,1392,9,33,70,199
ac,RIO BRANCO,1392,9,34,47,139
ac,RIO BRANCO,1392,9,35,55,191
ac,RIO BRANCO,1392,9,36,71,176
ac,RIO BRANCO,1392,9,37,63,185
ac,RIO BRANCO,1392,9,38,67,194
ac,RIO BRANCO,1392,9,39,43,115
ac,RIO BRANCO,1392,9,40,56,130
ac,RIO BRANCO,1392,9,41,61,194
ac,RIO BRANCO,1392,9,42,55,138
ac,RIO BRANCO,1392,9,43,97,182
ac,RIO BRANCO,1392,9,44,57,173
ac,RIO BRANCO,1392,9,45,61,189
ac,RIO BRANCO,1392,9,46,56,192
ac,RIO BRANCO,1392,9,47,68,172
ac,RIO BRANCO,1392,9,48,39,128
ac,RIO BRANCO,1392,9,49,64,101
ac,RIO BRANCO,1392,9,50,56,128
ac,RIO BRANCO,1392,9,51,66,180
ac,RIO BRANCO,1392,9,52,48,196
ac,RIO BRANCO,1392,9,53,54,179
ac,RIO BRANCO,1392,9,54,80,130
ac,RIO BRANCO,1392,9,55,68,165
ac,RIO BRANCO,1392,9,56,66,188
ac,RIO BRANCO,1392,9,57,73,162
ac,RIO BRANCO,1392,9,58,56,163
ac,RIO BRANCO,1392,9,59,69,168
ac,RIO BRANCO,1392,9,60,73,163
ac,RIO BRANCO,1392,9,61,77,169
ac,RIO BRANCO,1392,9,62,55,178
ac,RIO BRANCO,1392,9,63,77,189
ac,RIO BRANCO,1392,9,64,72,177
ac,RIO BRANCO,1392,9,65,83,209
ac,RIO BRANCO,1392,9,66,75,184
ac,RIO BRANCO,1392,9,67,68,185
ac,RIO BRANCO,1392,9,68,70,201
ac,RIO BRANCO,1392,9,69,65,206
ac,RIO BRANCO,1392,9,70,44,170
ac,RIO BRANCO,1392,9,71,56,130
ac,RIO BRANCO,1392,9,72,54,130
ac,RIO BRANCO,1392,9,73,56,140
ac,RIO BRANCO,1392,9,74,89,160
ac,RIO BRANCO,1392,9,75,75,185
ac,RIO BRANCO,1392,9,76,71,187
ac,RIO BRANCO,1392,9,77,72,194
ac,RIO BRANCO,1392,9,78,60,192
ac,RIO BRANCO,1392,9,79,77,176
ac,RIO BRANCO,1392,9,80,69,179
ac,RIO BRANCO,1392,9,81,65,143
ac,RIO BRANCO,1392,9,82,64,156
ac,RIO BRANCO,1392,9,83,53,177
ac,RIO BRANCO,1392,9,84,55,168
ac,RIO BRANCO,1392,9,85,76,119
ac,RIO BRANCO,1392,9,86,62,189
ac,RIO BRANCO,1392,9,87,59,199
ac,RIO BRANCO,1392,9,88,47,184
ac,RIO BRANCO,1392,9,89,57,205
ac,RIO BRANCO,1392,9,90,85,189
ac,RIO BRANCO,1392,9,91,70,212
ac,RIO BRANCO,1392,9,92,73,187
ac,RIO BRANCO,1392,9,93,59,195
ac,RIO BRANCO,1392,9,94,58,202
ac,RIO BRANCO,1392,9,95,57,198
ac,RIO BRANCO,1392,9,96,54,178
ac,RIO BRANCO,1392,9,97,63,190
ac,RIO BRANCO,1392,9,98,49,210
ac,RIO BRANCO,1392,9,99,54,169
ac,RIO BRANCO,1392,9,100,64,185
ac,RIO BRANCO,1392,9,101,67,207
ac,RIO BRANCO,1392,9,102,79,185
ac,RIO BRANCO,1392,9,103,77,182
ac,RIO BRANCO,1392,9,104,62,206
ac,RIO BRANCO,1392,9,105,69,202
ac,RIO BRANCO,1392,9,106,74,186
ac,RIO BRANCO,1392,9,107,67,188
ac,RIO BRANCO,1392,9,108,66,191
ac,RIO BRANCO,1392,9,109,67,205
ac,RIO BRANCO,1392,9,110,63,216
ac,RIO BRANCO,1392,9,111,55,182
ac,RIO BRANCO,1392,9,112,56,149
ac,RIO BRANCO,1392,9,113,62,159
ac,RIO BRANCO,1392,9,114,63,170
ac,RIO BRANCO,1392,9,115,65,179
ac,RIO BRANCO,1392,9,116,70,193
ac,RIO BRANCO,1392,9,117,72,183
ac,RIO BRANCO,1392,9,118,68,193
ac,RIO BRANCO,1392,9,119,76,194
ac,RIO BRANCO,1392,9,121,54,184
ac,RIO BRANCO,1392,9,122,50,210
ac,RIO BRANCO,1392,9,123,62,180
ac,RIO BRANCO,1392,9,124,64,186
ac,RIO BRANCO,1392,9,125,73,184
ac,RIO BRANCO,1392,9,126,61,186
ac,RIO BRANCO,1392,9,127,56,202
ac,RIO BRANCO,1392,9,128,70,240
ac,RIO BRANCO,1392,9,129,80,200
ac,RIO BRANCO,1392,9,130,66,204
ac,RIO BRANCO,1392,9,131,49,151
ac,RIO BRANCO,1392,9,132,63,193
ac,RIO BRANCO,1392,9,133,70,210
ac,RIO BRANCO,1392,9,134,60,193
ac,RIO BRANCO,1392,9,135,55,197
ac,RIO BRANCO,1392,9,138,71,180
ac,RIO BRANCO,1392,9,139,57,205
ac,RIO BRANCO,1392,9,140,58,187
ac,RIO BRANCO,1392,9,141,50,197
ac,RIO BRANCO,1392,9,142,65,190
ac,RIO BRANCO,1392,9,143,59,198
ac,RIO BRANCO,1392,9,144,54,220
ac,RIO BRANCO,1392,9,145,69,188
ac,RIO BRANCO,1392,9,146,79,178
ac,RIO BRANCO,1392,9,147,67,151
ac,RIO BRANCO,1392,9,148,56,220
ac,RIO BRANCO,1392,9,149,59,187
ac,RIO BRANCO,1392,9,150,67,233
ac,RIO BRANCO,1392,9,151,54,229
ac,RIO BRANCO,1392,9,152,71,182
ac,RIO BRANCO,1392,9,153,67,123
ac,RIO BRANCO,1392,9,154,63,188
ac,RIO BRANCO,1392,9,155,51,149
ac,RIO BRANCO,1392,9,157,71,183
ac,RIO BRANCO,1392,9,158,59,173
ac,RIO BRANCO,1392,9,159,65,166
ac,RIO BRANCO,1392,9,160,65,186
ac,RIO BRANCO,1392,9,161,58,178
ac,RIO BRANCO,1392,9,162,52,120
ac,RIO BRANCO,1392,9,164,70,126
ac,RIO BRANCO,1392,9,165,45,183
ac,RIO BRANCO,1392,9,166,59,120
ac,RIO BRANCO,1392,9,167,59,202
ac,RIO BRANCO,1392,9,168,56,168
ac,RIO BRANCO,1392,9,169,76,180
ac,RIO BRANCO,1392,9,170,55,87
ac,RIO BRANCO,1392,9,171,55,198
ac,RIO BRANCO,1392,9,172,71,206
ac,RIO BRANCO,1392,9,173,48,185
ac,RIO BRANCO,1392,9,174,53,177
ac,RIO BRANCO,1392,9,175,82,192
ac,RIO BRANCO,1392,9,176,84,166
ac,RIO BRANCO,1392,9,177,66,206
ac,RIO BRANCO,1392,9,178,45,120
ac,RIO BRANCO,1392,9,179,63,169
ac,RIO BRANCO,1392,9,180,72,194
ac,RIO BRANCO,1392,9,181,74,177
ac,RIO BRANCO,1392,9,182,48,126
ac,RIO BRANCO,1392,9,183,66,200
ac,RIO BRANCO,1392,9,184,47,191
ac,RIO BRANCO,1392,9,185,59,186
ac,RIO BRANCO,1392,9,187,65,174
ac,RIO BRANCO,1392,9,188,48,199
ac,RIO BRANCO,1392,9,189,86,165
ac,RIO BRANCO,1392,9,190,60,193
ac,RIO BRANCO,1392,9,191,57,135
ac,RIO BRANCO,1392,9,193,73,181
ac,RIO BRANCO,1392,9,194,53,159
ac,RIO BRANCO,1392,9,195,68,188
ac,RIO BRANCO,1392,9,196,54,180
ac,RIO BRANCO,1392,9,197,59,214
ac,RIO BRANCO,1392,9,198,60,176
ac,RIO BRANCO,1392,9,199,39,211
ac,RIO BRANCO,1392,9,203,65,187
ac,RIO BRANCO,1392,9,204,82,166
ac,RIO BRANCO,1392,9,205,52,199
ac,RIO BRANCO,1392,9,206,64,189
ac,RIO BRANCO,1392,9,207,93,193
ac,RIO BRANCO,1392,9,209,51,180
ac,RIO BRANCO,1392,9,210,59,197
ac,RIO BRANCO,1392,9,211,59,199
ac,RIO BRANCO,1392,9,213,36,140
ac,RIO BRANCO,1392,9,214,51,201
ac,RIO BRANCO,1392,9,215,66,139
ac,RIO BRANCO,1392,9,216,68,196
ac,RIO BRANCO,1392,9,217,75,179
ac,RIO BRANCO,1392,9,218,54,222
ac,RIO BRANCO,1392,9,219,91,185
ac,RIO BRANCO,1392,9,220,77,164
ac,RIO BRANCO,1392,9,221,51,197
ac,RIO BRANCO,1392,9,222,54,166
ac,RIO BRANCO,1392,9,223,51,178
ac,RIO BRANCO,1392,9,224,91,152
ac,RIO BRANCO,1392,9,225,46,96
ac,RIO BRANCO,1392,9,226,77,175
ac,RIO BRANCO,1392,9,228,70,154
ac,RIO BRANCO,1392,9,229,68,182
ac,RIO BRANCO,1392,9,230,83,95
ac,RIO BRANCO,1392,9,231,64,155
ac,RIO BRANCO,1392,9,232,72,183
ac,RIO BRANCO,1392,9,233,68,161
ac,RIO BRANCO,1392,9,235,39,185
ac,RIO BRANCO,1392,9,236,47,72
ac,RIO BRANCO,1392,9,238,72,191
ac,RIO BRANCO,1392,9,239,48,195
ac,RIO BRANCO,1392,9,240,43,114
ac,RIO BRANCO,1392,9,241,80,167
ac,RIO BRANCO,1392,9,243,19,75
ac,RIO BRANCO,1392,9,244,59,175
ac,RIO BRANCO,1392,9,245,68,160
ac,RIO BRANCO,1392,9,246,70,180
ac,RIO BRANCO,1392,9,247,55,173
ac,RIO BRANCO,1392,9,248,77,164
ac,RIO BRANCO,1392,9,249,66,163
ac,RIO BRANCO,1392,9,250,55,175
ac,RIO BRANCO,1392,9,251,53,160
ac,RIO BRANCO,1392,9,253,78,171
ac,RIO BRANCO,1392,9,254,66,191
ac,RIO BRANCO,1392,9,255,73,207
ac,RIO BRANCO,1392,9,256,76,154
ac,RIO BRANCO,1392,9,257,77,155
ac,RIO BRANCO,1392,9,258,61,161
ac,RIO BRANCO,1392,9,259,51,118
ac,RIO BRANCO,1392,9,260,59,147
ac,RIO BRANCO,1392,9,261,50,161
ac,RIO BRANCO,1392,9,262,59,182
ac,RIO BRANCO,1392,9,263,56,196
ac,RIO BRANCO,1392,9,264,94,182
ac,RIO BRANCO,1392,9,265,70,188
ac,RIO BRANCO,1392,9,266,62,187
ac,RIO BRANCO,1392,9,267,48,108
ac,RIO BRANCO,1392,9,268,36,153
ac,RIO BRANCO,1392,9,269,65,192
ac,RIO BRANCO,1392,9,270,66,182
ac,RIO BRANCO,1392,9,271,19,93
ac,RIO BRANCO,1392,9,272,68,141
ac,RIO BRANCO,1392,9,273,53,103
ac,RIO BRANCO,1392,9,274,54,201
ac,RIO BRANCO,1392,9,275,18,47
ac,RIO BRANCO,1392,9,276,57,171
ac,RIO BRANCO,1392,9,277,62,172
ac,RIO BRANCO,1392,9,278,44,169
ac,RIO BRANCO,1392,9,279,43,152
ac,RIO BRANCO,1392,9,280,66,149
ac,RIO BRANCO,1392,9,281,57,165
ac,RIO BRANCO,1392,9,282,60,174
ac,RIO BRANCO,1392,9,283,65,159
ac,RIO BRANCO,1392,9,284,55,176
ac,RIO BRANCO,1392,9,285,69,147
ac,RIO BRANCO,1392,9,286,91,152
ac,RIO BRANCO,1392,9,287,45,151
ac,RIO BRANCO,1392,9,288,46,147
ac,RIO BRANCO,1392,9,289,54,171
ac,RIO BRANCO,1392,9,290,50,165
ac,RIO BRANCO,1392,9,291,72,164
ac,RIO BRANCO,1392,9,292,76,184
ac,RIO BRANCO,1392,9,293,60,128
ac,RIO BRANCO,1392,9,294,73,145
ac,RIO BRANCO,1392,9,295,72,168
ac,RIO BRANCO,1392,9,296,71,150
ac,RIO BRANCO,1392,9,297,42,143
ac,RIO BRANCO,1392,9,298,63,163
ac,RIO BRANCO,1392,9,299,64,163
ac,RIO BRANCO,1392,9,300,82,178
ac,RIO BRANCO,1392,9,301,29,74
ac,RIO BRANCO,1392,9,302,67,154
ac,RIO BRANCO,1392,9,303,55,153
ac,RIO BRANCO,1392,9,306,69,153
ac,RIO BRANCO,1392,9,307,69,165
ac,RIO BRANCO,1392,9,308,92,165
ac,RIO BRANCO,1392,9,309,11,79
ac,RIO BRANCO,1392,9,311,67,167
ac,RIO BRANCO,1392,9,312,51,166
ac,RIO BRANCO,1392,9,313,86,157
ac,RIO BRANCO,1392,9,314,58,184
ac,RIO BRANCO,1392,9,315,48,186
ac,RIO BRANCO,1392,9,316,45,146
ac,RIO BRANCO,1392,9,317,70,152
ac,RIO BRANCO,1392,9,318,54,158
ac,RIO BRANCO,1392,9,319,74,164
ac,RIO BRANCO,1392,9,320,75,151
ac,RIO BRANCO,1392,9,321,75,156
ac,RIO BRANCO,1392,9,322,89,142
ac,RIO BRANCO,1392,9,323,72,189
ac,RIO BRANCO,1392,9,324,73,183
ac,RIO BRANCO,1392,9,325,53,201
ac,RIO BRANCO,1392,9,326,67,177
ac,RIO BRANCO,1392,9,327,65,177
ac,RIO BRANCO,1392,9,328,74,176
ac,RIO BRANCO,1392,9,329,75,179
ac,RIO BRANCO,1392,9,330,78,157
ac,RIO BRANCO,1392,9,331,83,173
ac,RIO BRANCO,1392,9,332,86,155
ac,RIO BRANCO,1392,9,333,75,150
ac,RIO BRANCO,1392,9,334,56,163
ac,RIO BRANCO,1392,9,335,76,184
ac,RIO BRANCO,1392,9,336,83,169
ac,RIO BRANCO,1392,9,337,60,185
ac,RIO BRANCO,1392,9,338,66,176
ac,RIO BRANCO,1392,9,339,72,156
ac,RIO BRANCO,1392,9,340,49,155
ac,RIO BRANCO,1392,9,341,68,190
ac,RIO BRANCO,1392,9,342,53,211
ac,RIO BRANCO,1392,9,343,61,207
ac,RIO BRANCO,1392,9,344,60,195
ac,RIO BRANCO,1392,9,345,60,184
ac,RIO BRANCO,1392,9,346,63,193
ac,RIO BRANCO,1392,9,347,48,206
ac,RIO BRANCO,1392,9,348,79,161
ac,RIO BRANCO,1392,9,349,51,193
ac,RIO BRANCO,1392,9,350,50,200
ac,RIO BRANCO,1392,9,351,56,177
ac,RIO BRANCO,1392,9,352,77,171
ac,RIO BRANCO,1392,9,353,70,180
ac,RIO BRANCO,1392,9,354,68,187
ac,RIO BRANCO,1392,9,355,73,166
ac,RIO BRANCO,1392,9,356,65,180
ac,RIO BRANCO,1392,9,357,60,191
ac,RIO BRANCO,1392,9,358,58,156
ac,RIO BRANCO,1392,9,359,54,151
ac,RIO BRANCO,1392,9,360,53,163
ac,RIO BRANCO,1392,9,361,58,168
ac,RIO BRANCO,1392,9,362,41,164
ac,RIO BRANCO,1392,9,363,74,182
ac,RIO BRANCO,1392,9,364,64,177
ac,RIO BRANCO,1392,9,365,70,184
ac,RIO BRANCO,1392,9,366,63,170
ac,RIO BRANCO,1392,9,367,66,184
ac,RIO BRANCO,1392,9,368,72,189
ac,RIO BRANCO,1392,9,369,62,176
ac,RIO BRANCO,1392,9,370,79,174
ac,RIO BRANCO,1392,9,371,77,156
ac,RIO BRANCO,1392,9,372,90,141
ac,RIO BRANCO,1392,9,373,51,197
ac,RIO BRANCO,1392,9,374,62,198
ac,RIO BRANCO,1392,9,375,69,163
ac,RIO BRANCO,1392,9,376,82,169
ac,RIO BRANCO,1392,9,377,71,167
ac,RIO BRANCO,1392,9,378,77,178
ac,RIO BRANCO,1392,9,379,72,169
ac,RIO BRANCO,1392,9,380,74,163
ac,RIO BRANCO,1392,9,381,52,188
ac,RIO BRANCO,1392,9,382,58,171
ac,RIO BRANCO,1392,9,383,76,157
ac,RIO BRANCO,1392,9,384,77,159
ac,RIO BRANCO,1392,9,385,61,171
ac,RIO BRANCO,1392,9,386,64,205
ac,RIO BRANCO,1392,9,387,59,197
ac,RIO BRANCO,1392,9,388,56,193
ac,RIO BRANCO,1392,9,389,52,202
ac,RIO BRANCO,1392,9,390,96,169
ac,RIO BRANCO,1392,9,391,83,179
ac,RIO BRANCO,1392,9,392,74,203
ac,RIO BRANCO,1392,9,393,81,177
ac,RIO BRANCO,1392,9,394,67,176
ac,RIO BRANCO,1392,9,395,58,188
ac,RIO BRANCO,1392,9,396,58,189
ac,RIO BRANCO,1392,9,397,62,189
ac,RIO BRANCO,1392,9,398,56,202
ac,RIO BRANCO,1392,9,399,67,200
ac,RIO BRANCO,1392,9,400,54,181
ac,RIO BRANCO,1392,9,401,55,190
ac,RIO BRANCO,1392,9,402,69,185
ac,RIO BRANCO,1392,9,403,85,164
ac,RIO BRANCO,1392,9,404,64,172
ac,RIO BRANCO,1392,9,405,74,189
ac,RIO BRANCO,1392,9,406,66,167
ac,RIO BRANCO,1392,9,407,59,174
ac,RIO BRANCO,1392,9,408,76,162
ac,RIO BRANCO,1392,9,409,118,140
ac,RIO BRANCO,1392,9,410,78,172
ac,RIO BRANCO,1392,9,414,49,152
ac,RIO BRANCO,1392,9,415,74,159
ac,RIO BRANCO,1392,9,416,26,92
ac,RIO BRANCO,1392,9,417,45,121
ac,RIO BRANCO,1392,9,418,75,136
ac,RIO BRANCO,1392,9,420,72,153
ac,RIO BRANCO,1392,9,421,45,156
ac,RIO BRANCO,1392,9,422,52,127
ac,RIO BRANCO,1392,9,423,36,46
ac,RIO BRANCO,1392,9,424,62,120
ac,RIO BRANCO,1392,9,425,83,166
ac,RIO BRANCO,1392,9,427,79,153
ac,RIO BRANCO,1392,9,428,22,48
ac,RIO BRANCO,1392,9,429,64,130
ac,RIO BRANCO,1392,9,430,80,144
ac,RIO BRANCO,1392,9,431,57,164
ac,RIO BRANCO,1392,9,432,62,156
ac,RIO BRANCO,1392,9,433,81,157
ac,RIO BRANCO,1392,9,434,97,135
ac,RIO BRANCO,1392,9,435,71,161
ac,RIO BRANCO,1392,9,438,81,185
ac,RIO BRANCO,1392,9,443,107,164
ac,RIO BRANCO,1392,9,444,25,44
ac,RIO BRANCO,1392,9,445,82,173
ac,RIO BRANCO,1392,9,446,122,176
ac,RIO BRANCO,1392,9,447,55,83
ac,RIO BRANCO,1392,9,448,137,135
ac,RIO BRANCO,1392,9,449,99,177
ac,RIO BRANCO,1392,9,450,60,119
ac,RIO BRANCO,1392,9,451,30,80
ac,RIO BRANCO,1392,9,452,41,69
ac,RIO BRANCO,1392,9,453,78,186
ac,RIO BRANCO,1392,9,454,33,62
ac,RIO BRANCO,1392,9,455,55,89
ac,RIO BRANCO,1392,9,456,73,156
ac,RIO BRANCO,1392,9,457,17,33
ac,RIO BRANCO,1392,9,458,51,83
ac,RIO BRANCO,1392,9,459,29,49
ac,RIO BRANCO,1392,9,462,22,36
ac,RIO BRANCO,1392,9,463,17,35
ac,SENA MADUREIRA,1457,3,1,52,101
ac,SENA MADUREIRA,1457,3,2,43,129
ac,SENA MADUREIRA,1457,3,3,49,116
ac,SENA MADUREIRA,1457,3,4,33,116
ac,SENA MADUREIRA,1457,3,5,49,163
ac,SENA MADUREIRA,1457,3,6,66,144
ac,SENA MADUREIRA,1457,3,7,55,135
ac,SENA MADUREIRA,1457,3,8,47,122
ac,SENA MADUREIRA,1457,3,9,58,113
ac,SENA MADUREIRA,1457,3,10,38,166
ac,SENA MADUREIRA,1457,3,11,52,154
ac,SENA MADUREIRA,1457,3,12,55,145
ac,SENA MADUREIRA,1457,3,13,46,135
ac,SENA MADUREIRA,1457,3,14,35,125
ac,SENA MADUREIRA,1457,3,15,35,127
ac,SENA MADUREIRA,1457,3,16,38,128
ac,SENA MADUREIRA,1457,3,17,45,112
ac,SENA MADUREIRA,1457,3,18,63,105
ac,SENA MADUREIRA,1457,3,19,40,130
ac,SENA MADUREIRA,1457,3,20,42,107
ac,SENA MADUREIRA,1457,3,21,39,113
ac,SENA MADUREIRA,1457,3,22,45,146
ac,SENA MADUREIRA,1457,3,23,57,152
ac,SENA MADUREIRA,1457,3,24,49,147
ac,SENA MADUREIRA,1457,3,25,45,132
ac,SENA MADUREIRA,1457,3,26,39,103
ac,SENA MADUREIRA,1457,3,27,33,147
ac,SENA MADUREIRA,1457,3,28,47,139
ac,SENA MADUREIRA,1457,3,29,42,130
ac,SENA MADUREIRA,1457,3,30,53,118
ac,SENA MADUREIRA,1457,3,31,59,127
ac,SENA MADUREIRA,1457,3,32,60,131
ac,SENA MADUREIRA,1457,3,33,57,130
ac,SENA MADUREIRA,1457,3,34,43,158
ac,SENA MADUREIRA,1457,3,35,40,164
ac,SENA MADUREIRA,1457,3,36,37,165
ac,SENA MADUREIRA,1457,3,37,47,99
ac,SENA MADUREIRA,1457,3,38,45,103
ac,SENA MADUREIRA,1457,3,39,62,98
ac,SENA MADUREIRA,1457,3,40,60,88
ac,SENA MADUREIRA,1457,3,53,48,141
ac,SENA MADUREIRA,1457,3,54,45,149
ac,SENA MADUREIRA,1457,3,55,37,140
ac,SENA MADUREIRA,1457,3,56,49,137
ac,SENA MADUREIRA,1457,3,57,49,146
ac,SENA MADUREIRA,1457,3,61,50,108
ac,SENA MADUREIRA,1457,3,62,49,146
ac,SENA MADUREIRA,1457,3,63,64,141
ac,SENA MADUREIRA,1457,3,64,39,128
ac,SENA MADUREIRA,1457,3,66,39,137
ac,SENA MADUREIRA,1457,3,67,46,142
ac,SENA MADUREIRA,1457,3,68,54,164
ac,SENA MADUREIRA,1457,3,69,43,139
ac,SENA MADUREIRA,1457,3,70,62,152
ac,SENA MADUREIRA,1457,3,71,62,102
ac,SENA MADUREIRA,1457,3,73,42,185
ac,SENA MADUREIRA,1457,3,74,39,145
ac,SENA MADUREIRA,1457,3,75,43,141
ac,SENA MADUREIRA,1457,3,78,60,145
ac,SENA MADUREIRA,1457,3,79,44,97
ac,SENA MADUREIRA,1457,3,80,33,121
ac,SENA MADUREIRA,1457,3,81,51,105
ac,SENA MADUREIRA,1457,3,82,40,116
ac,SENA MADUREIRA,1457,3,83,61,126
ac,SENA MADUREIRA,1457,3,84,59,113
ac,SENA MADUREIRA,1457,3,85,37,118
ac,SENA MADUREIRA,1457,3,86,87,122
ac,SENA MADUREIRA,1457,3,90,57,146
ac,SENA MADUREIRA,1457,3,91,43,139
ac,SENA MADUREIRA,1457,3,92,53,129
ac,SENA MADUREIRA,1457,3,93,27,161
ac,SENA MADUREIRA,1457,3,94,38,132
ac,SENA MADUREIRA,1457,3,97,41,131
ac,SENA MADUREIRA,1457,3,98,42,69
ac,SENA MADUREIRA,1457,3,99,76,112
ac,SENA MADUREIRA,1457,3,101,80,121
ac,SENA MADUREIRA,1457,3,103,13,124
ac,SENA MADUREIRA,1457,3,104,60,116
ac,SENA MADUREIRA,1457,3,105,65,102
ac,SENA MADUREIRA,1457,3,106,36,120
ac,SENA MADUREIRA,1457,3,108,52,147
ac,SENA MADUREIRA,1457,3,109,14,130
ac,SENA MADUREIRA,1457,3,110,50,101
ac,SENA MADUREIRA,1457,3,112,41,127
ac,SENA MADUREIRA,1457,3,113,37,131
ac,SENA MADUREIRA,1457,3,114,27,108
ac,SENA MADUREIRA,1457,3,115,47,145
ac,SENA MADUREIRA,1457,3,116,36,133
ac,SENA MADUREIRA,1457,3,117,42,146
ac,SENA MADUREIRA,1457,3,118,35,110
ac,SENA MADUREIRA,1457,3,119,32,136
ac,SENA MADUREIRA,1457,3,120,42,97
ac,SENA MADUREIRA,1457,3,121,44,109
ac,SENA MADUREIRA,1457,3,123,44,148
ac,SENA MADUREIRA,1457,3,127,40,146
ac,SENA MADUREIRA,1457,3,128,60,166
ac,SENA MADUREIRA,1457,3,129,41,120
ac,SENA MADUREIRA,1457,3,131,44,94
ac,SENA MADUREIRA,1457,3,136,55,130
ac,SENA MADUREIRA,1457,3,137,22,113
ac,SENA MADUREIRA,1457,3,138,64,116
ac,SENA MADUREIRA,1457,3,141,32,70
ac,SENA MADUREIRA,1457,3,142,44,87
ac,SENA MADUREIRA,1457,3,144,41,99
ac,SENA MADUREIRA,1457,3,146,23,52
ac,SENA MADUREIRA,1457,3,147,50,100
ac,SENA MADUREIRA,1457,3,148,13,16
ac,SENA MADUREIRA,1457,3,149,10,30
ac,SENA MADUREIRA,1457,3,151,17,66
ac,SENA MADUREIRA,1457,3,155,14,62
ac,TARAUACÁ,1473,5,1,62,103
ac,TARAUACÁ,1473,5,2,90,102
ac,TARAUACÁ,1473,5,3,73,108
ac,TARAUACÁ,1473,5,4,64,116
ac,TARAUACÁ,1473,5,5,70,106
ac,TARAUACÁ,1473,5,6,53,122
ac,TARAUACÁ,1473,5,7,65,104
ac,TARAUACÁ,1473,5,8,75,93
ac,TARAUACÁ,1473,5,9,66,100
ac,TARAUACÁ,1473,5,10,65,112
ac,TARAUACÁ,1473,5,11,74,115
ac,TARAUACÁ,1473,5,12,62,111
ac,TARAUACÁ,1473,5,13,59,116
ac,TARAUACÁ,1473,5,14,63,107
ac,TARAUACÁ,1473,5,15,65,91
ac,TARAUACÁ,1473,5,16,47,85
ac,TARAUACÁ,1473,5,17,67,93
ac,TARAUACÁ,1473,5,18,61,79
ac,TARAUACÁ,1473,5,19,82,88
ac,TARAUACÁ,1473,5,20,57,76
ac,TARAUACÁ,1473,5,21,84,95
ac,TARAUACÁ,1473,5,22,65,126
ac,TARAUACÁ,1473,5,23,59,110
ac,TARAUACÁ,1473,5,24,66,92
ac,TARAUACÁ,1473,5,25,66,108
ac,TARAUACÁ,1473,5,26,53,122
ac,TARAUACÁ,1473,5,29,71,107
ac,TARAUACÁ,1473,5,30,61,95
ac,TARAUACÁ,1473,5,31,64,129
ac,TARAUACÁ,1473,5,33,75,147
ac,TARAUACÁ,1473,5,34,63,118
ac,TARAUACÁ,1473,5,35,62,64
ac,TARAUACÁ,1473,5,36,78,101
ac,TARAUACÁ,1473,5,38,57,100
ac,TARAUACÁ,1473,5,39,77,105
ac,TARAUACÁ,1473,5,40,90,98
ac,TARAUACÁ,1473,5,41,67,115
ac,TARAUACÁ,1473,5,42,79,110
ac,TARAUACÁ,1473,5,43,63,103
ac,TARAUACÁ,1473,5,44,51,93
ac,TARAUACÁ,1473,5,47,70,108
ac,TARAUACÁ,1473,5,48,57,106
ac,TARAUACÁ,1473,5,49,82,92
ac,TARAUACÁ,1473,5,50,67,86
ac,TARAUACÁ,1473,5,51,64,97
ac,TARAUACÁ,1473,5,53,71,130
ac,TARAUACÁ,1473,5,54,85,49
ac,TARAUACÁ,1473,5,55,105,68
ac,TARAUACÁ,1473,5,58,33,71
ac,TARAUACÁ,1473,5,60,43,79
ac,TARAUACÁ,1473,5,61,82,51
ac,TARAUACÁ,1473,5,63,15,83
ac,TARAUACÁ,1473,5,64,104,90
ac,TARAUACÁ,1473,5,68,79,94
ac,TARAUACÁ,1473,5,69,61,110
ac,TARAUACÁ,1473,5,70,55,112
ac,TARAUACÁ,1473,5,71,79,102
ac,TARAUACÁ,1473,5,72,68,104
ac,TARAUACÁ,1473,5,74,154,2
ac,TARAUACÁ,1473,5,77,55,106
ac,TARAUACÁ,1473,5,78,62,93
ac,TARAUACÁ,1473,5,79,75,49
ac,TARAUACÁ,1473,5,80,79,93
ac,TARAUACÁ,1473,5,82,68,99
ac,TARAUACÁ,1473,5,83,61,92
ac,TARAUACÁ,1473,5,84,69,104
ac,TARAUACÁ,1473,5,85,69,90
ac,TARAUACÁ,1473,5,87,71,94
ac,TARAUACÁ,1473,5,88,65,99
ac,TARAUACÁ,1473,5,90,64,106
ac,TARAUACÁ,1473,5,91,76,71
ac,TARAUACÁ,1473,5,92,20,91
ac,TARAUACÁ,1473,5,93,55,79
ac,TARAUACÁ,1473,5,94,76,91
ac,TARAUACÁ,1473,5,95,54,111
ac,TARAUACÁ,1473,5,98,68,96
ac,TARAUACÁ,1473,5,101,32,56
ac,TARAUACÁ,1473,5,102,106,15
ac,TARAUACÁ,1473,5,103,84,6
ac,TARAUACÁ,1473,5,104,232,4
ac,TARAUACÁ,1473,5,105,13,61
ac,TARAUACÁ,1473,5,106,61,108
ac,TARAUACÁ,1473,5,107,56,75
ac,TARAUACÁ,1473,5,108,78,78
ac,TARAUACÁ,1473,5,109,15,37
ac,TARAUACÁ,1473,5,110,79,124
ac,TARAUACÁ,1473,5,111,60,96
ac,TARAUACÁ,1473,5,114,93,79
ac,TARAUACÁ,1473,5,115,57,38
ac,TARAUACÁ,1473,5,116,72,97
ac,TARAUACÁ,1473,5,117,52,85
ac,TARAUACÁ,1473,5,119,71,102
ac,TARAUACÁ,1473,5,120,66,113
ac,TARAUACÁ,1473,5,121,67,56
ac,TARAUACÁ,1473,5,124,58,72
ac,TARAUACÁ,1473,5,127,68,84
ac,TARAUACÁ,1473,5,128,47,97
ac,TARAUACÁ,1473,5,129,63,52
ac,TARAUACÁ,1473,5,130,74,73
ac,TARAUACÁ,1473,5,133,42,38
ac,TARAUACÁ,1473,5,134,24,58
ac,XAPURI,1490,2,1,59,101
ac,XAPURI,1490,2,2,51,99
ac,XAPURI,1490,2,3,73,88
ac,XAPURI,1490,2,4,64,87
ac,XAPURI,1490,2,5,64,110
ac,XAPURI,1490,2,6,74,105
ac,XAPURI,1490,2,7,68,114
ac,XAPURI,1490,2,8,68,95
ac,XAPURI,1490,2,9,80,108
ac,XAPURI,1490,2,10,54,114
ac,XAPURI,1490,2,11,74,109
ac,XAPURI,1490,2,12,94,110
ac,XAPURI,1490,2,13,89,129
ac,XAPURI,1490,2,15,85,120
ac,XAPURI,1490,2,16,53,95
ac,XAPURI,1490,2,17,66,101
ac,XAPURI,1490,2,18,67,112
ac,XAPURI,1490,2,19,65,91
ac,XAPURI,1490,2,20,65,97
ac,XAPURI,1490,2,21,59,93
ac,XAPURI,1490,2,23,48,54
ac,XAPURI,1490,2,24,61,102
ac,XAPURI,1490,2,25,75,109
ac,XAPURI,1490,2,26,71,105
ac,XAPURI,1490,2,27,70,98
ac,XAPURI,1490,2,29,71,104
ac,XAPURI,1490,2,30,62,122
ac,XAPURI,1490,2,31,56,113
ac,XAPURI,1490,2,32,98,95
ac,XAPURI,1490,2,33,114,24
ac,XAPURI,1490,2,34,57,40
ac,XAPURI,1490,2,35,109,65
ac,XAPURI,1490,2,36,16,88
ac,XAPURI,1490,2,37,60,89
ac,XAPURI,1490,2,39,80,78
ac,XAPURI,1490,2,41,70,102
ac,XAPURI,1490,2,42,61,107
ac,XAPURI,1490,2,45,78,131
ac,XAPURI,1490,2,46,60,106
ac,XAPURI,1490,2,48,69,132
ac,XAPURI,1490,2,50,53,102
ac,XAPURI,1490,2,51,73,79
ac,XAPURI,1490,2,52,43,94
ac,XAPURI,1490,2,53,72,112
ac,XAPURI,1490,2,54,64,105
ac,XAPURI,1490,2,55,93,127
ac,XAPURI,1490,2,57,73,103
ac,XAPURI,1490,2,58,94,130
ac,XAPURI,1490,2,60,104,135
ac,XAPURI,1490,2,61,77,96
ac,XAPURI,1490,2,62,56,106
ac,XAPURI,1490,2,64,74,86
ac,PLÁCIDO DE CASTRO,1511,8,1,58,125
ac,PLÁCIDO DE CASTRO,1511,8,2,47,95
ac,PLÁCIDO DE CASTRO,1511,8,3,40,112
ac,PLÁCIDO DE CASTRO,1511,8,4,43,100
ac,PLÁCIDO DE CASTRO,1511,8,5,53,128
ac,PLÁCIDO DE CASTRO,1511,8,7,26,77
ac,PLÁCIDO DE CASTRO,1511,8,10,47,90
ac,PLÁCIDO DE CASTRO,1511,8,11,50,119
ac,PLÁCIDO DE CASTRO,1511,8,13,45,134
ac,PLÁCIDO DE CASTRO,1511,8,14,37,135
ac,PLÁCIDO DE CASTRO,1511,8,15,51,127
ac,PLÁCIDO DE CASTRO,1511,8,16,48,141
ac,PLÁCIDO DE CASTRO,1511,8,17,47,134
ac,PLÁCIDO DE CASTRO,1511,8,18,33,120
ac,PLÁCIDO DE CASTRO,1511,8,23,89,153
ac,PLÁCIDO DE CASTRO,1511,8,24,48,120
ac,PLÁCIDO DE CASTRO,1511,8,42,60,123
ac,PLÁCIDO DE CASTRO,1511,8,43,31,110
ac,PLÁCIDO DE CASTRO,1511,8,45,43,93
ac,PLÁCIDO DE CASTRO,1511,8,46,32,96
ac,PLÁCIDO DE CASTRO,1511,8,52,53,129
ac,PLÁCIDO DE CASTRO,1511,8,54,61,131
ac,PLÁCIDO DE CASTRO,1511,8,55,46,110
ac,PLÁCIDO DE CASTRO,1511,8,61,48,134
ac,PLÁCIDO DE CASTRO,1511,8,66,41,126
ac,PLÁCIDO DE CASTRO,1511,8,75,35,114
ac,PLÁCIDO DE CASTRO,1511,8,76,51,106
ac,PLÁCIDO DE CASTRO,1511,8,80,54,143
ac,PLÁCIDO DE CASTRO,1511,8,81,43,103
ac,PLÁCIDO DE CASTRO,1511,8,86,64,143
ac,PLÁCIDO DE CASTRO,1511,8,96,52,174
ac,PLÁCIDO DE CASTRO,1511,8,111,49,121
ac,PLÁCIDO DE CASTRO,1511,8,112,45,118
ac,PLÁCIDO DE CASTRO,1511,8,113,42,105
ac,PLÁCIDO DE CASTRO,1511,8,114,50,149
ac,PLÁCIDO DE CASTRO,1511,8,121,30,89
ac,PLÁCIDO DE CASTRO,1511,8,128,37,113
ac,PLÁCIDO DE CASTRO,1511,8,137,51,95
ac,PLÁCIDO DE CASTRO,1511,8,138,50,137
ac,PLÁCIDO DE CASTRO,1511,8,144,44,142
ac,PLÁCIDO DE CASTRO,1511,8,151,16,135
ac,PLÁCIDO DE CASTRO,1511,8,155,45,119
ac,PLÁCIDO DE CASTRO,1511,8,156,64,84
ac,PLÁCIDO DE CASTRO,1511,8,165,40,179
ac,PLÁCIDO DE CASTRO,1511,8,173,31,81
ac,PLÁCIDO DE CASTRO,1511,8,201,28,96
ac,PLÁCIDO DE CASTRO,1511,8,202,35,140
ac,PLÁCIDO DE CASTRO,1511,8,203,39,78
ac,PLÁCIDO DE CASTRO,1511,8,211,25,51
ac,PLÁCIDO DE CASTRO,1511,8,234,12,111
ac,PLÁCIDO DE CASTRO,1511,8,253,40,86
ac,PLÁCIDO DE CASTRO,1511,8,259,23,91
ac,PLÁCIDO DE CASTRO,1511,8,263,34,111
ac,SENADOR GUIOMARD,1538,8,25,60,149
ac,SENADOR GUIOMARD,1538,8,27,72,140
ac,SENADOR GUIOMARD,1538,8,28,53,135
ac,SENADOR GUIOMARD,1538,8,29,63,188
ac,SENADOR GUIOMARD,1538,8,30,38,152
ac,SENADOR GUIOMARD,1538,8,31,57,126
ac,SENADOR GUIOMARD,1538,8,32,42,124
ac,SENADOR GUIOMARD,1538,8,33,65,153
ac,SENADOR GUIOMARD,1538,8,34,68,139
ac,SENADOR GUIOMARD,1538,8,35,45,122
ac,SENADOR GUIOMARD,1538,8,36,48,113
ac,SENADOR GUIOMARD,1538,8,39,44,139
ac,SENADOR GUIOMARD,1538,8,40,53,110
ac,SENADOR GUIOMARD,1538,8,41,58,151
ac,SENADOR GUIOMARD,1538,8,44,45,143
ac,SENADOR GUIOMARD,1538,8,49,49,152
ac,SENADOR GUIOMARD,1538,8,50,27,129
ac,SENADOR GUIOMARD,1538,8,53,62,169
ac,SENADOR GUIOMARD,1538,8,57,43,120
ac,SENADOR GUIOMARD,1538,8,62,51,157
ac,SENADOR GUIOMARD,1538,8,63,44,124
ac,SENADOR GUIOMARD,1538,8,67,65,132
ac,SENADOR GUIOMARD,1538,8,68,43,124
ac,SENADOR GUIOMARD,1538,8,69,36,120
ac,SENADOR GUIOMARD,1538,8,70,33,196
ac,SENADOR GUIOMARD,1538,8,73,50,132
ac,SENADOR GUIOMARD,1538,8,78,41,164
ac,SENADOR GUIOMARD,1538,8,82,57,131
ac,SENADOR GUIOMARD,1538,8,90,57,137
ac,SENADOR GUIOMARD,1538,8,91,47,131
ac,SENADOR GUIOMARD,1538,8,92,70,174
ac,SENADOR GUIOMARD,1538,8,97,44,172
ac,SENADOR GUIOMARD,1538,8,98,32,188
ac,SENADOR GUIOMARD,1538,8,100,30,116
ac,SENADOR GUIOMARD,1538,8,104,34,119
ac,SENADOR GUIOMARD,1538,8,116,49,122
ac,SENADOR GUIOMARD,1538,8,118,48,127
ac,SENADOR GUIOMARD,1538,8,119,39,133
ac,SENADOR GUIOMARD,1538,8,126,37,148
ac,SENADOR GUIOMARD,1538,8,127,33,130
ac,SENADOR GUIOMARD,1538,8,131,41,125
ac,SENADOR GUIOMARD,1538,8,134,56,133
ac,SENADOR GUIOMARD,1538,8,149,30,139
ac,SENADOR GUIOMARD,1538,8,152,73,123
ac,SENADOR GUIOMARD,1538,8,153,36,95
ac,SENADOR GUIOMARD,1538,8,154,57,105
ac,SENADOR GUIOMARD,1538,8,161,44,106
ac,SENADOR GUIOMARD,1538,8,167,82,168
ac,SENADOR GUIOMARD,1538,8,168,27,130
ac,SENADOR GUIOMARD,1538,8,172,41,106
ac,SENADOR GUIOMARD,1538,8,187,50,184
ac,SENADOR GUIOMARD,1538,8,188,53,128
ac,SENADOR GUIOMARD,1538,8,200,42,122
ac,SENADOR GUIOMARD,1538,8,204,56,132
ac,SENADOR GUIOMARD,1538,8,207,12,28
ac,SENADOR GUIOMARD,1538,8,208,38,115
ac,SENADOR GUIOMARD,1538,8,210,21,80
ac,SENADOR GUIOMARD,1538,8,219,41,162
ac,SENADOR GUIOMARD,1538,8,220,72,165
ac,SENADOR GUIOMARD,1538,8,221,44,179
ac,SENADOR GUIOMARD,1538,8,222,41,111
ac,SENADOR GUIOMARD,1538,8,223,44,93
ac,SENADOR GUIOMARD,1538,8,225,27,110
ac,SENADOR GUIOMARD,1538,8,226,37,112
ac,SENADOR GUIOMARD,1538,8,227,38,116
ac,SENADOR GUIOMARD,1538,8,239,29,116
ac,SENADOR GUIOMARD,1538,8,241,57,116
ac,SENADOR GUIOMARD,1538,8,242,46,131
ac,SENADOR GUIOMARD,1538,8,243,33,99
ac,SENADOR GUIOMARD,1538,8,244,44,107
ac,SENADOR GUIOMARD,1538,8,247,33,97
ac,SENADOR GUIOMARD,1538,8,265,12,33
ac,SENADOR GUIOMARD,1538,8,268,49,115
ac,MANOEL URBANO,1554,3,41,87,134
ac,MANOEL URBANO,1554,3,42,92,113
ac,MANOEL URBANO,1554,3,43,82,119
ac,MANOEL URBANO,1554,3,44,81,122
ac,MANOEL URBANO,1554,3,45,87,133
ac,MANOEL URBANO,1554,3,46,87,131
ac,MANOEL URBANO,1554,3,47,82,115
ac,MANOEL URBANO,1554,3,48,97,107
ac,MANOEL URBANO,1554,3,49,83,124
ac,MANOEL URBANO,1554,3,50,87,124
ac,MANOEL URBANO,1554,3,51,80,106
ac,MANOEL URBANO,1554,3,52,79,113
ac,MANOEL URBANO,1554,3,59,88,122
ac,MANOEL URBANO,1554,3,89,69,118
ac,MANOEL URBANO,1554,3,100,160,45
ac,MANOEL URBANO,1554,3,102,15,71
ac,MANOEL URBANO,1554,3,107,77,129
ac,MANOEL URBANO,1554,3,111,69,112
ac,MANOEL URBANO,1554,3,126,69,92
ac,MANOEL URBANO,1554,3,130,38,103
ac,MANOEL URBANO,1554,3,132,69,109
ac,MANOEL URBANO,1554,3,135,87,88
ac,MANOEL URBANO,1554,3,139,65,109
ac,MANOEL URBANO,1554,3,145,80,97
ac,MANOEL URBANO,1554,3,150,81,99
ac,MANOEL URBANO,1554,3,153,24,56
ac,MANOEL URBANO,1554,3,154,32,98
ac,ASSIS BRASIL,1570,6,27,59,128
ac,ASSIS BRASIL,1570,6,28,71,106
ac,ASSIS BRASIL,1570,6,29,82,158
ac,ASSIS BRASIL,1570,6,30,71,151
ac,ASSIS BRASIL,1570,6,31,83,136
ac,ASSIS BRASIL,1570,6,36,79,148
ac,ASSIS BRASIL,1570,6,37,78,139
ac,ASSIS BRASIL,1570,6,43,71,148
ac,ASSIS BRASIL,1570,6,52,77,135
ac,ASSIS BRASIL,1570,6,66,103,168
ac,ASSIS BRASIL,1570,6,73,73,151
ac,ASSIS BRASIL,1570,6,78,154,83
ac,ASSIS BRASIL,1570,6,79,117,27
ac,ASSIS BRASIL,1570,6,90,74,134
ac,ASSIS BRASIL,1570,6,93,70,167
ac,ASSIS BRASIL,1570,6,95,47,117
ac,ASSIS BRASIL,1570,6,104,155,47
ac,ASSIS BRASIL,1570,6,108,118,4
ac,ASSIS BRASIL,1570,6,114,55,4
ac,ASSIS BRASIL,1570,6,129,97,155
ac,ASSIS BRASIL,1570,6,130,58,137
ac,ASSIS BRASIL,1570,6,149,38,93
ac,ASSIS BRASIL,1570,6,150,65,181
